seqno,configno,distance,medianpercid,medianeval,hits,fitnessScore
2,1724,0,100,0,1,80
7,1724,0,100,0,1,80
8,1724,0,99.857,0,1,79.9285
12,1724,0,100,0,1,80
14,1724,0,99.684,0,1,79.842
26,1724,0,100,0,1,80
33,1724,0,99.671,0,1,79.8355
41,1724,0,99.849,0,1,79.9245
42,1724,0,100,0,1,80
43,1724,0,100,0,1,80
44,1724,0,100,0,1,80
45,1724,0,100,0,1,80
47,1724,0,100,0,1,80
53,1724,0,100,0,1,80
58,1724,0,100,0,1,80
63,1724,0,100,0,2,90
67,1724,0,100,0,2,90
68,1724,0,100,0,1,80
69,1724,0,100,0,1,80
74,1724,0,100,0,1,80
75,1724,0,97.8835,0,2,88.94175
78,1724,0,100,0,1,80
79,1724,0,100,0,1,80
80,1724,0,100,0,1,80
81,1724,0,100,0,1,80
83,1724,0,100,0,1,80
87,1724,0,100,0,1,80
89,1724,0,100,0,2,90
90,1724,0,99.538,0,1,79.769
95,1724,0,100,0,1,80
96,1724,0,100,0,1,80
107,1724,0,100,0,1,80
113,1724,0,100,0,1,80
115,1724,0,100,0,1,80
117,1724,0,99.842,0,1,79.921
118,1724,0,100,0,1,80
120,1724,0,100,0,1,80
123,1724,0,100,0,1,80
125,1724,0,95.7865,0,2,87.89325
127,1724,0,99.919,0,2,89.9595
131,1724,0,100,0,1,80
135,1724,0,100,0,1,80
137,1724,0,100,0,2,90
138,1724,0,100,0,1,80
141,1724,0,100,0,1,80
144,1724,0,94.34,0,6,127.17
148,1724,0,100,0,1,80
149,1724,0,94.621,0,2,87.3105
154,1724,0,100,0,1,80
155,1724,0,100,0,1,80
166,1724,0,99.851,0,1,79.9255
170,1724,0,100,0,1,80
173,1724,0,97.8725,0,2,88.93625
174,1724,0,100,0,1,80
176,1724,0,100,0,1,80
177,1724,0,99.811,0,1,79.9055
179,1724,0,99.851,0,1,79.9255
182,1724,0,100,0,1,80
183,1724,0,100,0,1,80
185,1724,0,100,0,1,80
186,1724,0,100,0,1,80
187,1724,0,100,0,1,80
192,1724,0,95.436,0,1,77.718
193,1724,0,100,0,1,80
194,1724,0,99.541,0,1,79.7705
198,1724,0,99.699,0,1,79.8495
202,1724,0,100,0,1,80
204,1724,0,94.909,0,2,87.4545
208,1724,0,100,0,1,80
211,1724,0,94.34,0,6,127.17
212,1724,0,100,0,3,100
213,1724,0,99.852,0,1,79.926
214,1724,0,100,0,1,80
216,1724,0,100,0,1,80
219,1724,0,100,0,1,80
220,1724,0,99.776,0,1,79.888
221,1724,0,100,0,1,80
224,1724,0,100,0,1,80
226,1724,0,100,0,1,80
229,1724,0,100,0,1,80
230,1724,0,99.853,0,1,79.9265
232,1724,0,94.35,0,3,97.175
237,1724,0,100,0,1,80
239,1724,0,100,0,2,90
241,1724,0,100,0,1,80
245,1724,0,100,0,1,80
248,1724,0,100,0,1,80
251,1724,0,100,0,1,80
254,1724,0,98.729,0,1,79.3645
259,1724,0,100,0,2,90
265,1724,0,100,0,1,80
266,1724,0,100,0,1,80
267,1724,0,99.842,0,1,79.921
269,1724,0,100,0,3,100
270,1724,0,99.595,0,1,79.7975
271,1724,0,100,0,1,80
273,1724,0,100,0,1,80
277,1724,0,100,0,2,90
279,1724,0,100,0,1,80
281,1724,0,99.832,0,1,79.916
282,1724,0,100,0,1,80
283,1724,0,100,0,1,80
284,1724,0,100,0,1,80
288,1724,0,100,0,1,80
294,1724,0,99.849,0,1,79.9245
297,1724,0,99.9125,0,2,89.95625
300,1724,0,100,0,1,80
301,1724,0,100,0,1,80
304,1724,0,100,0,1,80
305,1724,0,100,0,2,90
313,1724,0,100,0,1,80
318,1724,0,100,0,1,80
320,1724,0,100,0,1,80
321,1724,0,100,0,1,80
324,1724,0,99.9095,0,2,89.95475
325,1724,0,100,0,1,80
326,1724,0,100,0,1,80
330,1724,0,100,0,1,80
331,1724,0,100,0,1,80
333,1724,0,99.104,0,1,79.552
335,1724,0,100,0,1,80
337,1724,0,98.718,0,1,79.359
342,1724,0,100,0,1,80
347,1724,0,100,0,1,80
349,1724,0,99.699,0,1,79.8495
352,1724,0,100,0,2,90
354,1724,0,99.679,0,1,79.8395
355,1724,0,100,0,1,80
356,1724,0,100,0,1,80
357,1724,0,100,0,1,80
360,1724,0,100,0,1,80
367,1724,0,99.617,0,1,79.8085
368,1724,0,99.807,0,1,79.9035
369,1724,0,100,0,1,80
371,1724,0,100,0,1,80
373,1724,0,100,0,1,80
377,1724,0,100,0,1,80
378,1724,0,99.707,0,1,79.8535
379,1724,0,99.848,0,1,79.924
387,1724,0,100,0,1,80
388,1724,0,99.69,0,1,79.845
390,1724,0,100,0,1,80
392,1724,0,100,0,1,80
393,1724,0,100,0,1,80
397,1724,0,100,0,1,80
399,1724,0,100,0,1,80
400,1724,0,100,0,1,80
401,1724,0,99.845,0,1,79.9225
403,1724,0,100,0,1,80
407,1724,0,100,0,1,80
408,1724,0,99.144,0,1,79.572
409,1724,0,100,0,1,80
410,1724,0,100,0,2,90
416,1724,0,100,0,1,80
422,1724,0,100,0,2,90
426,1724,0,100,0,1,80
427,1724,0,100,0,1,80
431,1724,0,100,0,1,80
432,1724,0,100,0,1,80
434,1724,0,100,0,1,80
437,1724,0,100,0,1,80
440,1724,0,99.154,0,1,79.577
446,1724,0,100,0,1,80
447,1724,0,100,0,1,80
449,1724,0,100,0,1,80
452,1724,0,100,0,1,80
453,1724,0,100,0,1,80
456,1724,0,100,0,1,80
463,1724,0,100,0,1,80
464,1724,0,100,0,1,80
465,1724,0,99.851,0,1,79.9255
466,1724,0,99.707,0,1,79.8535
467,1724,0,100,0,1,80
468,1724,0,100,0,1,80
473,1724,0,100,0,1,80
474,1724,0,100,0,2,90
475,1724,0,100,0,1,80
477,1724,0,100,0,2,90
478,1724,0,100,0,1,80
480,1724,0,99.849,0,1,79.9245
484,1724,0,100,0,1,80
485,1724,0,100,0,1,80
488,1724,0,100,0,1,80
489,1724,0,99.848,0,1,79.924
491,1724,0,100,0,1,80
497,1724,0,100,0,1,80
498,1724,0,100,0,1,80
499,1724,0,100,0,1,80
502,1724,0,100,0,1,80
505,1724,0,100,0,1,80
508,1724,0,100,0,1,80
509,1724,0,99.792,0,1,79.896
512,1724,0,100,0,1,80
514,1724,0,100,0,1,80
515,1724,0,100,0,1,80
517,1724,0,100,0,1,80
519,1724,0,100,0,1,80
520,1724,0,100,0,1,80
521,1724,0,100,0,1,80
526,1724,0,100,0,2,90
528,1724,0,100,0,1,80
529,1724,0,100,0,1,80
531,1724,0,100,0,1,80
533,1724,0,100,0,1,80
538,1724,0,100,0,1,80
542,1724,0,100,0,1,80
543,1724,0,99.548,0,1,79.774
544,1724,0,100,0,3,100
545,1724,0,100,0,1,80
546,1724,0,99.553,0,1,79.7765
548,1724,0,100,0,1,80
549,1724,0,100,0,1,80
550,1724,0,99.847,0,1,79.9235
551,1724,0,100,0,1,80
552,1724,0,100,0,1,80
555,1724,0,99.24,0,1,79.62
557,1724,0,100,0,1,80
562,1724,0,99.846,0,1,79.923
563,1724,0,100,0,1,80
564,1724,0,100,0,1,80
565,1724,0,100,0,1,80
567,1724,0,100,0,1,80
576,1724,0,100,0,1,80
577,1724,0,97.8835,0,2,88.94175
578,1724,0,100,0,1,80
587,1724,0,100,0,1,80
590,1724,0,100,0,1,80
592,1724,0,100,0,1,80
595,1724,0,100,0,1,80
596,1724,0,100,0,1,80
599,1724,0,100,0,1,80
601,1724,0,100,0,1,80
602,1724,0,100,0,1,80
609,1724,0,100,0,1,80
611,1724,0,98.9395,0,2,89.46975
613,1724,0,100,0,1,80
614,1724,0,100,0,1,80
615,1724,0,100,0,1,80
618,1724,0,100,0,1,80
622,1724,0,100,0,1,80
625,1724,0,100,0,1,80
627,1724,0,100,0,1,80
628,1724,0,100,0,1,80
629,1724,0,100,0,1,80
631,1724,0,100,0,2,90
632,1724,0,100,0,1,80
634,1724,0,100,0,1,80
637,1724,0,100,0,1,80
639,1724,0,100,0,1,80
640,1724,0,99.83,0,1,79.915
647,1724,0,100,0,1,80
648,1724,0,100,0,1,80
654,1724,0,100,0,2,90
657,1724,0,100,0,1,80
661,1724,0,100,0,1,80
665,1724,0,95.833,0,1,77.9165
666,1724,0,99.408,0,1,79.704
667,1724,0,100,0,1,80
672,1724,0,100,0,1,80
674,1724,0,100,0,1,80
677,1724,0,99.855,0,1,79.9275
678,1724,0,99.855,0,1,79.9275
679,1724,0,100,0,1,80
682,1724,0,100,0,1,80
686,1724,0,100,0,1,80
687,1724,0,95.7865,0,2,87.89325
688,1724,0,99.221,0,1,79.6105
690,1724,0,100,0,1,80
692,1724,0,99.5,0,1,79.75
699,1724,0,99.3245,0,2,89.66225
700,1724,0,100,0,1,80
704,1724,0,100,0,1,80
705,1724,0,100,0,1,80
706,1724,0,100,0,1,80
708,1724,0,100,0,1,80
710,1724,0,99.859,0,1,79.9295
711,1724,0,94.34,0,6,127.17
713,1724,0,99.712,0,1,79.856
714,1724,0,100,0,1,80
715,1724,0,100,0,1,80
721,1724,0,96.869,0,1,78.4345
724,1724,0,100,0,1,80
731,1724,0,100,0,1,80
735,1724,0,99.847,0,1,79.9235
736,1724,0,100,0,1,80
742,1724,0,99.774,0,1,79.887
746,1724,0,100,0,1,80
747,1724,0,100,0,1,80
749,1724,0,100,0,1,80
751,1724,0,100,0,1,80
753,1724,0,100,0,1,80
758,1724,0,100,0,1,80
759,1724,0,97.8835,0,2,88.94175
761,1724,0,100,0,1,80
763,1724,0,99.699,0,1,79.8495
764,1724,0,100,0,1,80
766,1724,0,99.529,0,1,79.7645
768,1724,0,99.849,0,1,79.9245
774,1724,0,100,0,1,80
775,1724,0,100,0,3,100
778,1724,0,100,0,1,80
783,1724,0,100,0,1,80
786,1724,0,100,0,1,80
801,1724,0,97.778,0,2,88.889
803,1724,0,100,0,1,80
807,1724,0,100,0,1,80
810,1724,0,99.392,0,1,79.696
813,1724,0,100,0,1,80
814,1724,0,99.708,0,1,79.854
815,1724,0,100,0,3,100
817,1724,0,100,0,1,80
820,1724,0,100,0,1,80
822,1724,0,99.438,0,1,79.719
825,1724,0,100,0,1,80
829,1724,0,100,0,1,80
830,1724,0,100,0,1,80
832,1724,0,100,0,1,80
835,1724,0,100,0,1,80
836,1724,0,100,0,1,80
839,1724,0,95.17,0,1,77.585
840,1724,0,100,0,1,80
842,1724,0,100,0,1,80
847,1724,0,100,0,3,100
850,1724,0,99.853,0,1,79.9265
857,1724,0,100,0,1,80
861,1724,0,100,0,1,80
862,1724,0,97.8835,0,2,88.94175
865,1724,0,100,0,1,80
867,1724,0,100,0,1,80
870,1724,0,100,0,1,80
873,1724,0,100,0,1,80
881,1724,0,100,0,2,90
882,1724,0,100,0,1,80
886,1724,0,100,0,3,100
891,1724,0,100,0,1,80
898,1724,0,97.509,0,1,78.7545
901,1724,0,100,0,3,100
903,1724,0,100,0,2,90
917,1724,0,96.373,0,1,78.1865
922,1724,0,100,0,1,80
924,1724,0,100,0,3,100
926,1724,0,100,0,1,80
927,1724,0,100,0,1,80
929,1724,0,100,0,1,80
934,1724,0,100,0,1,80
938,1724,0,100,0,1,80
943,1724,0,99.845,0,1,79.9225
944,1724,0,98.776,0,1,79.388
951,1724,0,99.11,0,1,79.555
956,1724,0,100,0,1,80
962,1724,0,100,0,1,80
965,1724,0,100,0,2,90
966,1724,0,100,0,1,80
967,1724,0,100,0,1,80
968,1724,0,100,0,1,80
971,1724,0,100,0,3,100
978,1724,0,99.64,0,1,79.82
990,1724,0,100,0,1,80
992,1724,0,97.991,0,1,78.9955
993,1724,0,98.323,0,1,79.1615
995,1724,0,100,0,1,80
999,1724,0,100,0,1,80
1001,1724,0,100,0,1,80
1004,1724,0,100,0,1,80
1005,1724,0,93.925,0,2,86.9625
1013,1724,0,99.53,0,1,79.765
1015,1724,0,95.42,0,1,77.71
1018,1724,0,100,0,1,80
1019,1724,0,100,0,1,80
1025,1724,0,100,0,1,80
1026,1724,0,100,0,1,80
1029,1724,0,100,0,1,80
1031,1724,0,100,0,1,80
1035,1724,0,100,0,1,80
1046,1724,0,94.34,0,6,127.17
1050,1724,0,99.564,0,1,79.782
1051,1724,0,100,0,1,80
1053,1724,0,100,0,1,80
1056,1724,0,100,0,1,80
1058,1724,0,96.729,0,1,78.3645
1062,1724,0,99.288,0,1,79.644
1066,1724,0,100,0,1,80
1075,1724,0,97.8835,0,2,88.94175
1078,1724,0,99.427,0,1,79.7135
1080,1724,0,100,0,1,80
1081,1724,0,100,0,1,80
1082,1724,0,100,0,1,80
1083,1724,0,94.273,0,2,87.1365
1084,1724,0,100,0,2,90
1088,1724,0,100,0,1,80
1089,1724,0,100,0,1,80
1090,1724,0,98.271,0,1,79.1355
1092,1724,0,100,0,1,80
1097,1724,0,99.084,0,1,79.542
1100,1724,0,100,0,1,80
1101,1724,0,100,0,3,100
1106,1724,0,96.203,0,1,78.1015
1107,1724,0,100,0,1,80
1108,1724,0,100,0,1,80
1109,1724,0,99.857,0,1,79.9285
1110,1724,0,100,0,1,80
1113,1724,0,100,0,1,80
1114,1724,0,100,0,1,80
1116,1724,0,100,0,1,80
1117,1724,0,100,0,1,80
1121,1724,0,100,0,1,80
1130,1724,0,100,0,1,80
1131,1724,0,100,0,1,80
1133,1724,0,100,0,1,80
1136,1724,0,100,0,1,80
1137,1724,0,100,0,1,80
1140,1724,0,100,0,1,80
1141,1724,0,100,0,1,80
1143,1724,0,100,0,1,80
1145,1724,0,99.711,0,1,79.8555
1146,1724,0,100,0,1,80
1149,1724,0,100,0,1,80
1155,1724,0,100,0,1,80
1159,1724,0,100,0,1,80
1161,1724,0,100,0,1,80
1162,1724,0,100,0,1,80
1163,1724,0,100,0,1,80
1165,1724,0,100,0,1,80
1167,1724,0,100,0,1,80
1173,1724,0,100,0,1,80
1175,1724,0,99.813,0,1,79.9065
1177,1724,0,100,0,1,80
1180,1724,0,100,0,1,80
1181,1724,0,99.563,0,1,79.7815
1182,1724,0,91.74,0,2,85.87
1183,1724,0,100,0,1,80
1184,1724,0,100,0,1,80
1185,1724,0,99.847,0,1,79.9235
1186,1724,0,100,0,1,80
1187,1724,0,99.841,0,1,79.9205
1188,1724,0,100,0,1,80
1191,1724,0,99.71,0,1,79.855
1192,1724,0,100,0,1,80
1194,1724,0,100,0,1,80
1197,1724,0,100,0,1,80
1198,1724,0,100,0,1,80
1201,1724,0,100,0,1,80
1202,1724,0,100,0,1,80
1204,1724,0,99.557,0,1,79.7785
1205,1724,0,100,0,1,80
1208,1724,0,99.844,0,1,79.922
1211,1724,0,100,0,1,80
1213,1724,0,100,0,1,80
1215,1724,0,99.849,0,1,79.9245
1220,1724,0,100,0,1,80
1224,1724,0,100,0,1,80
1232,1724,0,100,0,2,90
1236,1724,0,100,0,1,80
1237,1724,0,100,0,1,80
1238,1724,0,100,0,1,80
1242,1724,0,100,0,1,80
1243,1724,0,99.819,0,1,79.9095
1244,1724,0,100,0,1,80
1247,1724,0,100,0,1,80
1248,1724,0,100,0,1,80
1249,1724,0,100,0,1,80
1257,1724,0,99.839,0,1,79.9195
1261,1724,0,100,0,1,80
1262,1724,0,100,0,1,80
1263,1724,0,100,0,1,80
1266,1724,0,99.319,0,2,89.6595
1269,1724,0,99.692,0,1,79.846
1270,1724,0,100,0,1,80
1271,1724,0,100,0,1,80
1272,1724,0,97.087,0,1,78.5435
1275,1724,0,100,0,1,80
1278,1724,0,100,0,1,80
1282,1724,0,90.588,0,3,95.294
1285,1724,0,100,0,1,80
1286,1724,0,100,0,1,80
1287,1724,0,99.9105,0,2,89.95525
1288,1724,0,100,0,1,80
1292,1724,0,100,0,1,80
1293,1724,0,100,0,1,80
1296,1724,0,99.849,0,1,79.9245
1297,1724,0,100,0,1,80
1298,1724,0,100,0,1,80
1299,1724,0,100,0,1,80
1301,1724,0,94.909,0,2,87.4545
1304,1724,0,98.6,0,1,79.3
1308,1724,0,100,0,1,80
1313,1724,0,100,0,1,80
1315,1724,0,94.35,0,3,97.175
1319,1724,0,95.779,0,1,77.8895
1320,1724,0,100,0,1,80
1321,1724,0,100,0,1,80
1326,1724,0,93.388,0,1,76.694
1327,1724,0,100,0,1,80
1331,1724,0,100,0,1,80
1332,1724,0,100,0,1,80
1335,1724,0,100,0,1,80
1336,1724,0,100,0,1,80
1338,1724,0,100,0,1,80
1343,1724,0,99.84,0,1,79.92
1345,1724,0,100,0,1,80
1347,1724,0,100,0,3,100
1354,1724,0,100,0,1,80
1355,1724,0,100,0,1,80
1356,1724,0,99.845,0,1,79.9225
1357,1724,0,99.038,0,1,79.519
1359,1724,0,97,0,1,78.5
1361,1724,0,100,0,1,80
1362,1724,0,100,0,1,80
1365,1724,0,100,0,1,80
1366,1724,0,96.774,0,1,78.387
1367,1724,0,100,0,1,80
1373,1724,0,100,0,1,80
1378,1724,0,98.289,0,1,79.1445
1381,1724,0,100,0,1,80
1383,1724,0,99.91,0,2,89.955
1385,1724,0,98.4065,0,2,89.20325
1389,1724,0,100,0,1,80
1391,1724,0,100,0,1,80
1392,1724,0,100,0,1,80
1393,1724,0,100,0,2,90
1397,1724,0,100,0,1,80
1399,1724,0,95.238,0,1,77.619
1401,1724,0,100,0,1,80
1403,1724,0,100,0,1,80
1415,1724,0,100,0,1,80
1416,1724,0,100,0,1,80
1420,1724,0,100,0,1,80
1426,1724,0,100,0,1,80
1430,1724,0,100,0,1,80
1434,1724,0,99.809,0,1,79.9045
1437,1724,0,100,0,1,80
1438,1724,0,100,0,1,80
1443,1724,0,98.822,0,1,79.411
1445,1724,0,100,0,1,80
1448,1724,0,100,0,1,80
1449,1724,0,100,0,1,80
1455,1724,0,94.909,0,2,87.4545
1459,1724,0,100,0,1,80
1461,1724,0,100,0,3,100
1462,1724,0,100,0,1,80
1468,1724,0,100,0,1,80
1480,1724,0,100,0,1,80
1481,1724,0,98.839,0,1,79.4195
1482,1724,0,100,0,1,80
1484,1724,0,100,0,1,80
1486,1724,0,100,0,2,90
1490,1724,0,99.848,0,1,79.924
1493,1724,0,100,0,1,80
1494,1724,0,100,0,1,80
1496,1724,0,97.8835,0,2,88.94175
1501,1724,0,100,0,1,80
1502,1724,0,100,0,1,80
1503,1724,0,97.8725,0,2,88.93625
1510,1724,0,100,0,1,80
1512,1724,0,100,0,1,80
1516,1724,0,100,0,1,80
1520,1724,0,99.849,0,1,79.9245
1521,1724,0,100,0,3,100
1522,1724,0,100,0,1,80
1524,1724,0,100,0,2,90
1529,1724,0,100,0,1,80
1531,1724,0,100,0,1,80
1532,1724,0,99.844,0,1,79.922
1533,1724,0,100,0,1,80
1534,1724,0,99.851,0,1,79.9255
1544,1724,0,94.34,0,6,127.17
1549,1724,0,100,0,1,80
1551,1724,0,97.561,0,1,78.7805
1553,1724,0,97.518,0,1,78.759
1562,1724,0,94.35,0,3,97.175
1564,1724,0,100,0,1,80
1566,1724,0,99.701,0,1,79.8505
1576,1724,0,100,0,1,80
1580,1724,0,100,0,1,80
1584,1724,0,100,0,1,80
1585,1724,0,99.766,0,2,89.883
1586,1724,0,99.83,0,1,79.915
1589,1724,0,100,0,1,80
1591,1724,0,100,0,2,90
1592,1724,0,94.406,0,1,77.203
1593,1724,0,94.4475,0,2,87.22375
1594,1724,0,100,0,1,80
1597,1724,0,100,0,1,80
1599,1724,0,100,0,1,80
1600,1724,0,99.847,0,1,79.9235
1602,1724,0,100,0,1,80
1604,1724,0,100,0,1,80
1614,1724,0,99.772,0,2,89.886
1618,1724,0,100,0,1,80
1626,1724,0,100,0,1,80
1628,1724,0,100,0,1,80
1630,1724,0,94.909,0,2,87.4545
1636,1724,0,92.405,0,1,76.2025
1637,1724,0,100,0,1,80
1644,1724,0,100,0,1,80
1654,1724,0,99.299,0,1,79.6495
1657,1724,0,99.551,0,2,89.7755
1662,1724,0,98.165,0,1,79.0825
1664,1724,0,100,0,1,80
1672,1724,0,100,0,1,80
1674,1724,0,100,0,1,80
1678,1724,0,100,0,1,80
1686,1724,0,100,0,1,80
1694,1724,0,100,0,1,80
1696,1724,0,100,0,1,80
1710,1724,0,99.686,0,1,79.843
1712,1724,0,98.71,0,1,79.355
1720,1724,0,100,0,1,80
1722,1724,0,100,0,1,80
1723,1724,0,99.682,0,1,79.841
1726,1724,0,99.92,0,2,89.96
1729,1724,0,100,0,1,80
1739,1724,0,100,0,3,100
1740,1724,0,100,0,1,80
1745,1724,0,99.834,0,1,79.917
1749,1724,0,100,0,1,80
1757,1724,0,100,0,3,100
1758,1724,0,100,0,1,80
1765,1724,0,100,0,1,80
1766,1724,0,99.846,0,1,79.923
1772,1724,0,97.8835,0,2,88.94175
1778,1724,0,100,0,1,80
1781,1724,0,99.847,0,1,79.9235
1782,1724,0,99.672,0,1,79.836
1786,1724,0,99.373,0,2,89.6865
1789,1724,0,100,0,1,80
1792,1724,0,99.242,0,1,79.621
1808,1724,0,99.372,0,1,79.686
1824,1724,0,100,0,1,80
1826,1724,0,100,0,1,80
1828,1724,0,99.69,0,1,79.845
1831,1724,0,99.655,0,1,79.8275
1834,1724,0,100,0,1,80
1841,1724,0,100,0,2,90
1844,1724,0,100,0,3,100
1847,1724,0,99.548,0,1,79.774
1848,1724,0,99.6415,0,2,89.82075
1850,1724,0,100,0,1,80
1853,1724,0,99.709,0,1,79.8545
1855,1724,0,100,0,1,80
1856,1724,0,99.715,0,1,79.8575
1860,1724,0,100,0,1,80
1861,1724,0,100,0,1,80
1862,1724,0,100,0,1,80
1867,1724,0,100,0,1,80
1871,1724,0,100,0,1,80
1874,1724,0,100,0,1,80
1877,1724,0,99.708,0,1,79.854
1888,1724,0,100,0,1,80
1889,1724,0,100,0,1,80
1892,1724,0,100,0,2,90
1897,1724,0,100,0,1,80
1901,1724,0,100,0,1,80
1902,1724,0,100,0,1,80
1903,1724,0,99.705,0,1,79.8525
1905,1724,0,100,0,1,80
1909,1724,0,100,0,1,80
1913,1724,0,99.716,0,1,79.858
1918,1724,0,100,0,1,80
1919,1724,0,100,0,1,80
1920,1724,0,100,0,1,80
1929,1724,0,100,0,1,80
1930,1724,0,99.845,0,1,79.9225
1933,1724,0,99.845,0,1,79.9225
1940,1724,0,99.85,0,1,79.925
1946,1724,0,99.846,0,1,79.923
1948,1724,0,100,0,3,100
1958,1724,0,100,0,1,80
1959,1724,0,100,0,1,80
1961,1724,0,100,0,1,80
1963,1724,0,100,0,1,80
1964,1724,0,99.736,0,1,79.868
1965,1724,0,100,0,1,80
1969,1724,0,99.43,0,1,79.715
1971,1724,0,100,0,3,100
1973,1724,0,99.393,0,1,79.6965
1979,1724,0,94.737,0,1,77.3685
1980,1724,0,99.846,0,1,79.923
1982,1724,0,100,0,1,80
1984,1724,0,100,0,1,80
1985,1724,0,99.685,0,1,79.8425
1994,1724,0,100,0,1,80
1996,1724,0,99.65,0,1,79.825
1999,1724,0,100,0,1,80
2002,1724,0,100,0,1,80
2010,1724,0,100,0,1,80
2015,1724,0,99.8915,0,2,89.94575
2021,1724,0,100,0,1,80
2022,1724,0,100,0,3,100
2026,1724,0,100,0,1,80
2027,1724,0,100,0,1,80
2030,1724,0,94.993,0,2,87.4965
2032,1724,0,100,0,1,80
2035,1724,0,100,0,1,80
2036,1724,0,99.749,0,1,79.8745
2038,1724,0,100,0,1,80
2041,1724,0,100,0,1,80
2044,1724,0,100,0,1,80
2047,1724,0,100,0,1,80
2049,1724,0,99.285,0,1,79.6425
2053,1724,0,100,0,1,80
2058,1724,0,100,0,1,80
2059,1724,0,100,0,1,80
2062,1724,0,100,0,1,80
2064,1724,0,100,0,1,80
2077,1724,0,100,0,1,80
2081,1724,0,91.538,0,1,75.769
2082,1724,0,100,0,1,80
2083,1724,0,99.387,0,1,79.6935
2089,1724,0,100,0,1,80
2095,1724,0,100,0,2,90
2101,1724,0,93.925,0,2,86.9625
2103,1724,0,100,0,1,80
2111,1724,0,100,0,1,80
2116,1724,0,100,0,1,80
2117,1724,0,98.876,0,1,79.438
2121,1724,0,97.8835,0,2,88.94175
2124,1724,0,99.713,0,1,79.8565
2128,1724,0,100,0,1,80
2130,1724,0,95.726,0,1,77.863
2131,1724,0,100,0,1,80
2132,1724,0,100,0,1,80
2138,1724,0,100,0,1,80
2139,1724,0,100,0,1,80
2142,1724,0,100,0,1,80
2144,1724,0,100,0,1,80
2146,1724,0,100,0,1,80
2149,1724,0,100,0,1,80
2150,1724,0,100,0,1,80
2156,1724,0,100,0,1,80
2158,1724,0,99.846,0,1,79.923
2161,1724,0,100,0,1,80
2165,1724,0,99.706,0,1,79.853
2166,1724,0,100,0,1,80
2170,1724,0,100,0,1,80
2172,1724,0,100,0,1,80
2173,1724,0,100,0,1,80
2174,1724,0,100,0,2,90
2175,1724,0,100,0,1,80
2176,1724,0,100,0,1,80
2177,1724,0,100,0,1,80
2181,1724,0,100,0,1,80
2182,1724,0,99.709,0,1,79.8545
2183,1724,0,100,0,1,80
2187,1724,0,99.924,0,2,89.962
2189,1724,0,100,0,1,80
2190,1724,0,98.978,0,1,79.489
2203,1724,0,99.85,0,1,79.925
2204,1724,0,100,0,1,80
2206,1724,0,99.847,0,1,79.9235
2208,1724,0,100,0,1,80
2209,1724,0,100,0,1,80
2212,1724,0,99.705,0,1,79.8525
2215,1724,0,99.858,0,1,79.929
2217,1724,0,99.854,0,1,79.927
2218,1724,0,92.617,0,1,76.3085
2219,1724,0,100,0,1,80
2220,1724,0,100,0,1,80
2231,1724,0,99.848,0,1,79.924
2233,1724,0,100,0,2,90
2234,1724,0,93.13,0,1,76.565
2241,1724,0,100,0,1,80
2243,1724,0,100,0,1,80
2244,1724,0,99.8975,0,2,89.94875
2245,1724,0,100,0,1,80
2246,1724,0,100,0,1,80
2247,1724,0,100,0,1,80
2249,1724,0,100,0,1,80
2250,1724,0,100,0,1,80
2253,1724,0,100,0,1,80
2254,1724,0,100,0,1,80
2259,1724,0,100,0,2,90
2260,1724,0,100,0,1,80
2263,1724,0,100,0,1,80
2264,1724,0,99.829,0,1,79.9145
2275,1724,0,100,0,1,80
2277,1724,0,100,0,1,80
2279,1724,0,99.7,0,1,79.85
2283,1724,0,99.625,0,1,79.8125
2285,1724,0,100,0,1,80
2287,1724,0,100,0,1,80
2288,1724,0,100,0,1,80
2290,1724,0,100,0,1,80
2294,1724,0,100,0,1,80
2297,1724,0,99.84,0,1,79.92
2298,1724,0,96.532,0,1,78.266
2300,1724,0,100,0,1,80
2304,1724,0,100,0,1,80
2307,1724,0,100,0,1,80
2311,1724,0,97.403,0,1,78.7015
2312,1724,0,99.845,0,1,79.9225
2315,1724,0,100,0,1,80
2316,1724,0,99.849,0,1,79.9245
2317,1724,0,99.846,0,1,79.923
2318,1724,0,100,0,1,80
2320,1724,0,100,0,1,80
2324,1724,0,95.7865,0,2,87.89325
2327,1724,0,99.401,0,1,79.7005
2330,1724,0,100,0,1,80
2333,1724,0,100,0,1,80
2334,1724,0,100,0,1,80
2335,1724,0,100,0,1,80
2339,1724,0,100,0,1,80
2345,1724,0,99.6185,0,2,89.80925
2348,1724,0,99.851,0,1,79.9255
2353,1724,0,100,0,1,80
2354,1724,0,100,0,1,80
2357,1724,0,99.831,0,1,79.9155
2358,1724,0,100,0,3,100
2362,1724,0,100,0,1,80
2368,1724,0,100,0,1,80
2369,1724,0,100,0,1,80
2375,1724,0,97.8835,0,2,88.94175
2380,1724,0,100,0,1,80
2385,1724,0,99.568,0,1,79.784
2389,1724,0,98.972,0,1,79.486
2393,1724,0,100,0,1,80
2401,1724,0,100,0,1,80
2402,1724,0,99.771,0,2,89.8855
2407,1724,0,100,0,1,80
2413,1724,0,100,0,1,80
2415,1724,0,100,0,1,80
2416,1724,0,100,0,1,80
2419,1724,0,100,0,1,80
2421,1724,0,100,0,1,80
2423,1724,0,97.774,0,1,78.887
2425,1724,0,100,0,1,80
2428,1724,0,99.531,0,1,79.7655
2435,1724,0,97.235,0,1,78.6175
2442,1724,0,100,0,1,80
2443,1724,0,97.198,0,1,78.599
2446,1724,0,100,0,1,80
2452,1724,0,100,0,1,80
2457,1724,0,99.226,0,1,79.613
2470,1724,0,100,0,1,80
2478,1724,0,99.687,0,1,79.8435
2479,1724,0,99.85,0,1,79.925
2482,1724,0,100,0,1,80
2492,1724,0,99.39,0,1,79.695
2495,1724,0,100,0,1,80
2505,1724,0,100,0,1,80
2512,1724,0,100,0,3,100
2513,1724,0,96.335,0,1,78.1675
2521,1724,0,99.661,0,1,79.8305
2561,1724,0,100,0,1,80
2566,1724,0,100,0,1,80
2568,1724,0,99.617,0,1,79.8085
2571,1724,0,98.387,0,1,79.1935
2574,1724,0,99.64,0,1,79.82
2575,1724,0,99.697,0,1,79.8485
2576,1724,0,100,0,1,80
2583,1724,0,100,0,2,90
2584,1724,0,100,0,1,80
2585,1724,0,99.843,0,1,79.9215
2588,1724,0,100,0,1,80
2589,1724,0,100,0,1,80
2591,1724,0,100,0,1,80
2594,1724,0,100,0,1,80
2595,1724,0,96.02,0,1,78.01
2596,1724,0,100,0,1,80
2606,1724,0,100,0,1,80
2620,1724,0,93.333,0,1,76.6665
2624,1724,0,99.786,0,1,79.893
2627,1724,0,100,0,1,80
2640,1724,0,95.711,0,1,77.8555
2642,1724,0,99.697,0,1,79.8485
2652,1724,0,100,0,1,80
2658,1724,0,100,0,1,80
2659,1724,0,100,0,1,80
2663,1724,0,99.802,0,1,79.901
2670,1724,0,100,0,1,80
2672,1724,0,100,0,1,80
2675,1724,0,99.564,0,1,79.782
2678,1724,0,100,0,1,80
2680,1724,0,99.686,0,1,79.843
2684,1724,0,100,0,2,90
2698,1724,0,100,0,1,80
2702,1724,0,100,0,1,80
2705,1724,0,100,0,1,80
2709,1724,0,100,0,1,80
2710,1724,0,97.436,0,1,78.718
2711,1724,0,100,0,3,100
2714,1724,0,100,0,1,80
2718,1724,0,99.723,0,1,79.8615
2719,1724,0,100,0,1,80
2727,1724,0,100,0,1,80
2729,1724,0,95.798,0,1,77.899
2732,1724,0,97.706,0,1,78.853
2735,1724,0,99.045,0,1,79.5225
2736,1724,0,97.396,0,1,78.698
2742,1724,0,100,0,1,80
2744,1724,0,100,0,1,80
2745,1724,0,99.788,0,1,79.894
2746,1724,0,100,0,2,90
2748,1724,0,99.712,0,1,79.856
2749,1724,0,100,0,1,80
2750,1724,0,100,0,1,80
2752,1724,0,99.268,0,1,79.634
2753,1724,0,100,0,1,80
2756,1724,0,97.561,0,1,78.7805
2758,1724,0,98.842,0,1,79.421
2764,1724,0,100,0,1,80
2771,1724,0,99.708,0,1,79.854
2777,1724,0,99.848,0,1,79.924
2782,1724,0,100,0,1,80
2789,1724,0,99.693,0,1,79.8465
2795,1724,0,100,0,1,80
2799,1724,0,100,0,1,80
2801,1724,0,100,0,1,80
2805,1724,0,100,0,1,80
2810,1724,0,99.572,0,1,79.786
2812,1724,0,100,0,2,90
2819,1724,0,93.925,0,2,86.9625
2820,1724,0,100,0,1,80
2822,1724,0,100,0,1,80
2826,1724,0,100,0,1,80
2828,1724,0,100,0,2,90
2829,1724,0,100,0,1,80
2830,1724,0,100,0,1,80
2832,1724,0,98.995,0,1,79.4975
2844,1724,0,100,0,1,80
2849,1724,0,100,0,1,80
2853,1724,0,100,0,1,80
2854,1724,0,100,0,3,100
2855,1724,0,100,0,1,80
2856,1724,0,100,0,1,80
2864,1724,0,100,0,1,80
2868,1724,0,100,0,1,80
2870,1724,0,100,0,1,80
2877,1724,0,100,0,1,80
2882,1724,0,100,0,1,80
2885,1724,0,100,0,3,100
2886,1724,0,100,0,1,80
2887,1724,0,100,0,1,80
2888,1724,0,100,0,1,80
2890,1724,0,99.695,0,1,79.8475
2895,1724,0,99.548,0,1,79.774
2898,1724,0,100,0,1,80
2903,1724,0,100,0,1,80
2905,1724,0,100,0,1,80
2910,1724,0,100,0,1,80
2913,1724,0,99.423,0,1,79.7115
2916,1724,0,99.371,0,1,79.6855
2918,1724,0,100,0,1,80
2919,1724,0,100,0,1,80
2926,1724,0,100,0,1,80
2928,1724,0,99.421,0,1,79.7105
2935,1724,0,100,0,1,80
2938,1724,0,99.855,0,1,79.9275
2939,1724,0,100,0,1,80
2942,1724,0,100,0,1,80
2944,1724,0,100,0,3,100
2948,1724,0,95.7865,0,2,87.89325
2950,1724,0,100,0,1,80
2953,1724,0,100,0,1,80
2957,1724,0,99.688,0,1,79.844
2964,1724,0,100,0,1,80
2966,1724,0,100,0,1,80
2969,1724,0,100,0,1,80
2971,1724,0,100,0,1,80
2972,1724,0,100,0,1,80
2973,1724,0,100,0,1,80
2978,1724,0,100,0,1,80
2981,1724,0,100,0,3,100
2982,1724,0,99.576,0,1,79.788
2984,1724,0,99.3245,0,2,89.66225
2989,1724,0,99.849,0,1,79.9245
2996,1724,0,100,0,1,80
3002,1724,0,100,0,1,80
3003,1724,0,100,0,1,80
3004,1724,0,100,0,1,80
3006,1724,0,100,0,1,80
3010,1724,0,99.711,0,1,79.8555
3014,1724,0,100,0,1,80
3015,1724,0,100,0,1,80
3017,1724,0,99.707,0,1,79.8535
3021,1724,0,99.766,0,2,89.883
3023,1724,0,99.855,0,1,79.9275
3026,1724,0,100,0,2,90
3027,1724,0,99.6185,0,2,89.80925
3031,1724,0,100,0,1,80
3032,1724,0,100,0,1,80
3034,1724,0,100,0,1,80
3035,1724,0,100,0,2,90
3038,1724,0,99.825,0,1,79.9125
3039,1724,0,99.851,0,1,79.9255
3040,1724,0,100,0,1,80
3042,1724,0,100,0,1,80
3046,1724,0,99.379,0,1,79.6895
3048,1724,0,100,0,1,80
3054,1724,0,100,0,1,80
3056,1724,0,100,0,1,80
3059,1724,0,100,0,1,80
3063,1724,0,100,0,1,80
3065,1724,0,94.909,0,2,87.4545
3069,1724,0,100,0,2,90
3070,1724,0,99.631,0,1,79.8155
3072,1724,0,100,0,3,100
3074,1724,0,100,0,1,80
3075,1724,0,99.409,0,1,79.7045
3076,1724,0,100,0,1,80
3082,1724,0,100,0,1,80
3085,1724,0,100,0,1,80
3087,1724,0,100,0,1,80
3091,1724,0,99.849,0,1,79.9245
3095,1724,0,100,0,1,80
3099,1724,0,100,0,1,80
3102,1724,0,100,0,1,80
3104,1724,0,100,0,1,80
3106,1724,0,100,0,1,80
3107,1724,0,100,0,1,80
3108,1724,0,100,0,1,80
3110,1724,0,100,0,1,80
3112,1724,0,94.909,0,2,87.4545
3113,1724,0,100,0,1,80
3123,1724,0,100,0,1,80
3124,1724,0,100,0,1,80
3127,1724,0,100,0,2,90
3129,1724,0,100,0,1,80
3130,1724,0,100,0,1,80
3131,1724,0,100,0,1,80
3135,1724,0,99.709,0,1,79.8545
3137,1724,0,100,0,1,80
3141,1724,0,100,0,1,80
3146,1724,0,100,0,1,80
3147,1724,0,100,0,1,80
3149,1724,0,100,0,1,80
3150,1724,0,100,0,1,80
3153,1724,0,100,0,1,80
3154,1724,0,100,0,1,80
3164,1724,0,100,0,1,80
3165,1724,0,99.457,0,1,79.7285
3166,1724,0,99.853,0,1,79.9265
3167,1724,0,100,0,1,80
3170,1724,0,100,0,1,80
3171,1724,0,100,0,1,80
3176,1724,0,100,0,1,80
3178,1724,0,100,0,2,90
3179,1724,0,100,0,1,80
3182,1724,0,99.841,0,1,79.9205
3186,1724,0,100,0,1,80
3189,1724,0,100,0,1,80
3190,1724,0,100,0,1,80
3192,1724,0,100,0,1,80
3195,1724,0,100,0,1,80
3199,1724,0,100,0,1,80
3203,1724,0,98.325,0,1,79.1625
3218,1724,0,99.855,0,1,79.9275
3219,1724,0,94.34,0,6,127.17
3226,1724,0,100,0,1,80
3228,1724,0,100,0,1,80
3229,1724,0,100,0,1,80
3234,1724,0,100,0,1,80
3235,1724,0,100,0,1,80
3236,1724,0,99.9025,0,2,89.95125
3247,1724,0,100,0,1,80
3248,1724,0,100,0,1,80
3250,1724,0,99.7,0,1,79.85
3251,1724,0,100,0,1,80
3252,1724,0,100,0,1,80
3254,1724,0,98.536,0,1,79.268
3255,1724,0,100,0,1,80
3256,1724,0,100,0,2,90
3258,1724,0,100,0,1,80
3259,1724,0,99.839,0,1,79.9195
3260,1724,0,100,0,1,80
3261,1724,0,100,0,1,80
3267,1724,0,100,0,1,80
3272,1724,0,99.849,0,1,79.9245
3273,1724,0,100,0,1,80
3279,1724,0,100,0,1,80
3285,1724,0,99.7,0,1,79.85
3286,1724,0,99.7,0,1,79.85
3289,1724,0,100,0,1,80
3290,1724,0,100,0,1,80
3297,1724,0,100,0,1,80
3298,1724,0,97.8725,0,2,88.93625
3299,1724,0,100,0,1,80
3301,1724,0,100,0,1,80
3302,1724,0,100,0,3,100
3303,1724,0,99.802,0,1,79.901
3308,1724,0,100,0,1,80
3310,1724,0,99.847,0,1,79.9235
3311,1724,0,100,0,1,80
3318,1724,0,100,0,1,80
3322,1724,0,99.112,0,1,79.556
3324,1724,0,99.7695,0,2,89.88475
3325,1724,0,99.6915,0,2,89.84575
3333,1724,0,100,0,1,80
3336,1724,0,97.027,0,1,78.5135
3338,1724,0,100,0,1,80
3339,1724,0,90,0,2,85
3341,1724,0,100,0,2,90
3344,1724,0,100,0,2,90
3347,1724,0,99.855,0,1,79.9275
3348,1724,0,100,0,1,80
3355,1724,0,100,0,1,80
3357,1724,0,100,0,1,80
3358,1724,0,99.851,0,1,79.9255
3360,1724,0,100,0,1,80
3367,1724,0,99.822,0,1,79.911
3371,1724,0,100,0,1,80
3372,1724,0,100,0,1,80
3374,1724,0,100,0,1,80
3378,1724,0,100,0,1,80
3379,1724,0,100,0,1,80
3383,1724,0,99.849,0,1,79.9245
3385,1724,0,99.694,0,1,79.847
3386,1724,0,98.703,0,1,79.3515
3387,1724,0,99.553,0,1,79.7765
3389,1724,0,99.825,0,2,89.9125
3392,1724,0,99.778,0,1,79.889
3395,1724,0,100,0,1,80
3396,1724,0,100,0,1,80
3397,1724,0,100,0,1,80
3399,1724,0,100,0,1,80
3401,1724,0,100,0,1,80
3402,1724,0,100,0,1,80
3417,1724,0,100,0,1,80
3421,1724,0,94.909,0,2,87.4545
3423,1724,0,100,0,1,80
3424,1724,0,94.737,0,1,77.3685
3426,1724,0,100,0,1,80
3427,1724,0,100,0,1,80
3430,1724,0,99.571,0,1,79.7855
3434,1724,0,100,0,1,80
3436,1724,0,100,0,1,80
3437,1724,0,100,0,1,80
3438,1724,0,100,0,1,80
3445,1724,0,95.61,0,1,77.805
3446,1724,0,100,0,1,80
3447,1724,0,94.495,0,1,77.2475
3449,1724,0,99.7085,0,2,89.85425
3451,1724,0,96.214,0,1,78.107
3456,1724,0,100,0,1,80
3457,1724,0,100,0,1,80
3459,1724,0,100,0,1,80
3468,1724,0,99.237,0,1,79.6185
3475,1724,0,100,0,1,80
3477,1724,0,99.846,0,1,79.923
3478,1724,0,99.699,0,1,79.8495
3480,1724,0,100,0,1,80
3484,1724,0,99.902,0,2,89.951
3491,1724,0,99.854,0,1,79.927
3494,1724,0,93.631,0,1,76.8155
3503,1724,0,100,0,1,80
3505,1724,0,100,0,1,80
3514,1724,0,99.277,0,1,79.6385
3515,1724,0,100,0,1,80
3517,1724,0,97.465,0,1,78.7325
3518,1724,0,100,0,1,80
3524,1724,0,95.921,0,2,87.9605
3525,1724,0,100,0,2,90
3526,1724,0,94.34,0,6,127.17
3527,1724,0,100,0,1,80
3528,1724,0,100,0,1,80
3538,1724,0,100,0,1,80
3540,1724,0,100,0,1,80
3542,1724,0,99.561,0,1,79.7805
3544,1724,0,100,0,1,80
3548,1724,0,99.709,0,1,79.8545
3549,1724,0,99.416,0,1,79.708
3550,1724,0,98.333,0,1,79.1665
3552,1724,0,98.594,0,1,79.297
3554,1724,0,100,0,1,80
3556,1724,0,100,0,1,80
3557,1724,0,100,0,1,80
3561,1724,0,99.108,0,1,79.554
3563,1724,0,100,0,1,80
3565,1724,0,100,0,1,80
3570,1724,0,100,0,2,90
3572,1724,0,100,0,1,80
3573,1724,0,100,0,1,80
3574,1724,0,100,0,1,80
3576,1724,0,100,0,1,80
3591,1724,0,100,0,1,80
3594,1724,0,99.122,0,1,79.561
3595,1724,0,100,0,1,80
3598,1724,0,100,0,1,80
3600,1724,0,97.8835,0,2,88.94175
3604,1724,0,100,0,1,80
3608,1724,0,100,0,1,80
3613,1724,0,99.852,0,1,79.926
3616,1724,0,100,0,1,80
3623,1724,0,100,0,3,100
3625,1724,0,100,0,2,90
3631,1724,0,100,0,2,90
3635,1724,0,100,0,1,80
3637,1724,0,99.6455,0,2,89.82275
3640,1724,0,100,0,1,80
3644,1724,0,99.848,0,1,79.924
3649,1724,0,94.34,0,6,127.17
3652,1724,0,95.7865,0,2,87.89325
3653,1724,0,100,0,1,80
3654,1724,0,99.355,0,1,79.6775
3656,1724,0,100,0,1,80
3658,1724,0,99.7665,0,2,89.88325
3659,1724,0,100,0,1,80
3660,1724,0,100,0,1,80
3661,1724,0,100,0,1,80
3666,1724,0,100,0,1,80
3669,1724,0,100,0,1,80
3674,1724,0,99.848,0,1,79.924
3676,1724,0,100,0,1,80
3679,1724,0,100,0,1,80
3682,1724,0,100,0,2,90
3686,1724,0,94.34,0,6,127.17
3687,1724,0,99.355,0,1,79.6775
3688,1724,0,100,0,1,80
3689,1724,0,99.832,0,1,79.916
3694,1724,0,100,0,1,80
3696,1724,0,100,0,1,80
3706,1724,0,99.555,0,1,79.7775
3707,1724,0,100,0,1,80
3708,1724,0,100,0,1,80
3709,1724,0,100,0,1,80
3711,1724,0,100,0,1,80
3713,1724,0,100,0,1,80
3717,1724,0,100,0,1,80
3718,1724,0,100,0,1,80
3721,1724,0,99.841,0,1,79.9205
3723,1724,0,100,0,1,80
3728,1724,0,99.846,0,1,79.923
3730,1724,0,100,0,1,80
3733,1724,0,99.794,0,1,79.897
3736,1724,0,97.8835,0,2,88.94175
3737,1724,0,100,0,1,80
3740,1724,0,100,0,1,80
3743,1724,0,99.534,0,1,79.767
3747,1724,0,99.848,0,1,79.924
3749,1724,0,100,0,2,90
3750,1724,0,100,0,2,90
3753,1724,0,99.226,0,1,79.613
3758,1724,0,100,0,1,80
3759,1724,0,94.444,0,1,77.222
3760,1724,0,100,0,1,80
3762,1724,0,100,0,2,90
3765,1724,0,99.844,0,1,79.922
3768,1724,0,99.847,0,1,79.9235
3769,1724,0,100,0,1,80
3771,1724,0,99.807,0,1,79.9035
3772,1724,0,99.817,0,1,79.9085
3773,1724,0,100,0,1,80
3776,1724,0,99.9025,0,2,89.95125
3780,1724,0,100,0,1,80
3782,1724,0,99.846,0,1,79.923
3784,1724,0,93.925,0,2,86.9625
3791,1724,0,95.7865,0,2,87.89325
3793,1724,0,99.694,0,1,79.847
3797,1724,0,100,0,1,80
3806,1724,0,99.843,0,1,79.9215
3809,1724,0,99.538,0,1,79.769
3815,1724,0,100,0,1,80
3818,1724,0,100,0,1,80
3821,1724,0,99.6335,0,2,89.81675
3826,1724,0,100,0,1,80
3830,1724,0,100,0,1,80
3833,1724,0,100,0,1,80
3834,1724,0,100,0,1,80
3836,1724,0,99.848,0,1,79.924
3837,1724,0,99.765,0,2,89.8825
3840,1724,0,100,0,1,80
3841,1724,0,100,0,1,80
3843,1724,0,100,0,1,80
3849,1724,0,100,0,1,80
3851,1724,0,100,0,1,80
3852,1724,0,100,0,1,80
3853,1724,0,100,0,1,80
3857,1724,0,100,0,1,80
3859,1724,0,99.9085,0,2,89.95425
3860,1724,0,99.201,0,1,79.6005
3861,1724,0,99.9175,0,2,89.95875
3863,1724,0,97.674,0,1,78.837
3864,1724,0,100,0,1,80
3871,1724,0,100,0,1,80
3872,1724,0,100,0,1,80
3873,1724,0,100,0,1,80
3874,1724,0,100,0,1,80
3875,1724,0,100,0,1,80
3878,1724,0,99.843,0,1,79.9215
3883,1724,0,100,0,1,80
3884,1724,0,100,0,1,80
3886,1724,0,99.848,0,1,79.924
3889,1724,0,100,0,1,80
3890,1724,0,100,0,1,80
3891,1724,0,100,0,1,80
3893,1724,0,100,0,1,80
3898,1724,0,100,0,1,80
3900,1724,0,99.848,0,1,79.924
3904,1724,0,98.095,0,1,79.0475
3905,1724,0,98.23,0,1,79.115
3906,1724,0,99.681,0,1,79.8405
3907,1724,0,100,0,1,80
3908,1724,0,100,0,1,80
3910,1724,0,100,0,1,80
3912,1724,0,97.79,0,1,78.895
3914,1724,0,100,0,1,80
3917,1724,0,100,0,1,80
3921,1724,0,100,0,1,80
3930,1724,0,100,0,1,80
3931,1724,0,100,0,1,80
3932,1724,0,100,0,1,80
3933,1724,0,100,0,1,80
3934,1724,0,100,0,1,80
3938,1724,0,100,0,1,80
3941,1724,0,100,0,1,80
3947,1724,0,99.833,0,1,79.9165
3948,1724,0,99.851,0,1,79.9255
3953,1724,0,99.607,0,2,89.8035
3958,1724,0,100,0,1,80
3962,1724,0,99.83,0,1,79.915
3969,1724,0,100,0,2,90
3972,1724,0,99.231,0,2,89.6155
3973,1724,0,100,0,1,80
3975,1724,0,100,0,1,80
3978,1724,0,99.381,0,1,79.6905
3981,1724,0,100,0,1,80
3992,1724,0,100,0,1,80
3994,1724,0,100,0,1,80
3996,1724,0,100,0,1,80
4002,1724,0,100,0,1,80
4006,1724,0,100,0,1,80
4008,1724,0,100,0,1,80
4013,1724,0,99.694,0,1,79.847
4018,1724,0,100,0,1,80
4023,1724,0,100,0,2,90
4025,1724,0,100,0,1,80
4031,1724,0,100,0,1,80
4038,1724,0,100,0,1,80
4041,1724,0,98.889,0,2,89.4445
4043,1724,0,100,0,1,80
4050,1724,0,99.633,0,1,79.8165
4055,1724,0,99.8965,0,2,89.94825
4056,1724,0,100,0,1,80
4079,1724,0,98.807,0,1,79.4035
4084,1724,0,94.924,0,1,77.462
4088,1724,0,100,0,1,80
4090,1724,0,99.53,0,1,79.765
4096,1724,0,98.371,0,1,79.1855
4097,1724,0,99.856,0,1,79.928
4108,1724,0,100,0,1,80
4110,1724,0,100,0,1,80
4113,1724,0,99.419,0,1,79.7095
4114,1724,0,100,0,1,80
4116,1724,0,99.848,0,1,79.924
4118,1724,0,100,0,1,80
4119,1724,0,100,0,2,90
4121,1724,0,100,0,1,80
4125,1724,0,100,0,1,80
4126,1724,0,100,0,1,80
4127,1724,0,100,0,1,80
4134,1724,0,100,0,1,80
4135,1724,0,100,0,1,80
4138,1724,0,100,0,1,80
4140,1724,0,100,0,1,80
4143,1724,0,99.843,0,1,79.9215
4144,1724,0,100,0,1,80
4146,1724,0,98.864,0,1,79.432
4147,1724,0,100,0,1,80
4149,1724,0,100,0,1,80
4150,1724,0,99.846,0,1,79.923
4153,1724,0,100,0,1,80
4161,1724,0,100,0,1,80
4163,1724,0,100,0,1,80
4169,1724,0,100,0,1,80
4170,1724,0,99.552,0,1,79.776
4172,1724,0,100,0,1,80
4173,1724,0,94.505,0,1,77.2525
4176,1724,0,97.0695,0,2,88.53475
4187,1724,0,95.939,0,1,77.9695
4188,1724,0,100,0,1,80
4192,1724,0,100,0,3,100
4193,1724,0,100,0,1,80
4194,1724,0,94.34,0,6,127.17
4196,1724,0,99.426,0,1,79.713
4197,1724,0,100,0,1,80
4199,1724,0,100,0,1,80
4200,1724,0,99.561,0,1,79.7805
4202,1724,0,99.568,0,1,79.784
4203,1724,0,100,0,1,80
4204,1724,0,100,0,1,80
4205,1724,0,100,0,1,80
4206,1724,0,100,0,1,80
4209,1724,0,98.551,0,1,79.2755
4210,1724,0,100,0,1,80
4213,1724,0,99.9055,0,2,89.95275
4215,1724,0,98.54,0,1,79.27
4216,1724,0,100,0,1,80
4219,1724,0,99.854,0,1,79.927
4220,1724,0,99.702,0,1,79.851
4227,1724,0,100,0,1,80
4239,1724,0,100,0,1,80
4240,1724,0,100,0,1,80
4243,1724,0,100,0,1,80
4244,1724,0,100,0,1,80
4252,1724,0,100,0,1,80
4258,1724,0,100,0,1,80
4260,1724,0,99.259,0,1,79.6295
4262,1724,0,100,0,1,80
4263,1724,0,100,0,1,80
4267,1724,0,100,0,1,80
4272,1724,0,99.811,0,1,79.9055
4273,1724,0,90.458,0,3,95.229
4274,1724,0,99.497,0,1,79.7485
4276,1724,0,97.8725,0,2,88.93625
4282,1724,0,100,0,1,80
4287,1724,0,100,0,1,80
4288,1724,0,99.9055,0,2,89.95275
4289,1724,0,100,0,1,80
4291,1724,0,92.5,0,1,76.25
4293,1724,0,100,0,1,80
4296,1724,0,100,0,1,80
4298,1724,0,97.5,0,1,78.75
4301,1724,0,100,0,1,80
4304,1724,0,96.262,0,1,78.131
4306,1724,0,99.096,0,1,79.548
4307,1724,0,99.778,0,1,79.889
4308,1724,0,100,0,1,80
4312,1724,0,100,0,1,80
4316,1724,0,100,0,1,80
4319,1724,0,99.855,0,1,79.9275
4324,1724,0,100,0,1,80
4329,1724,0,100,0,1,80
4332,1724,0,100,0,1,80
4337,1724,0,100,0,1,80
4338,1724,0,99.393,0,1,79.6965
4340,1724,0,99.842,0,1,79.921
4341,1724,0,100,0,1,80
4348,1724,0,100,0,1,80
4349,1724,0,99.71,0,1,79.855
4352,1724,0,99.853,0,1,79.9265
4358,1724,0,100,0,1,80
4366,1724,0,100,0,1,80
4367,1724,0,100,0,1,80
4375,1724,0,100,0,1,80
4376,1724,0,99.85,0,1,79.925
4384,1724,0,100,0,2,90
4385,1724,0,93.925,0,2,86.9625
4386,1724,0,99.852,0,1,79.926
4388,1724,0,100,0,2,90
4391,1724,0,95.1085,0,2,87.55425
4393,1724,0,99.564,0,1,79.782
4395,1724,0,100,0,1,80
4396,1724,0,100,0,1,80
4397,1724,0,100,0,1,80
4401,1724,0,100,0,1,80
4404,1724,0,100,0,2,90
4405,1724,0,99.855,0,1,79.9275
4407,1724,0,100,0,1,80
4408,1724,0,100,0,1,80
4409,1724,0,100,0,1,80
4411,1724,0,100,0,1,80
4412,1724,0,100,0,1,80
4414,1724,0,100,0,1,80
4417,1724,0,100,0,1,80
4418,1724,0,99.85,0,1,79.925
4422,1724,0,100,0,1,80
4424,1724,0,100,0,1,80
4425,1724,0,100,0,1,80
4426,1724,0,99.855,0,1,79.9275
4427,1724,0,100,0,1,80
4429,1724,0,100,0,1,80
4431,1724,0,100,0,2,90
4432,1724,0,100,0,1,80
4433,1724,0,100,0,1,80
4434,1724,0,100,0,1,80
4440,1724,0,100,0,1,80
4442,1724,0,99.848,0,1,79.924
4443,1724,0,100,0,2,90
4446,1724,0,96.646,0,1,78.323
4450,1724,0,99.854,0,1,79.927
4452,1724,0,100,0,1,80
4457,1724,0,99.855,0,1,79.9275
4467,1724,0,100,0,1,80
4470,1724,0,100,0,1,80
4473,1724,0,100,0,1,80
4477,1724,0,100,0,1,80
4490,1724,0,100,0,1,80
4499,1724,0,94.909,0,2,87.4545
4500,1724,0,100,0,1,80
4501,1724,0,99.565,0,1,79.7825
4503,1724,0,100,0,1,80
4508,1724,0,99.811,0,1,79.9055
4509,1724,0,99.812,0,1,79.906
4510,1724,0,100,0,1,80
4516,1724,0,100,0,1,80
4517,1724,0,100,0,1,80
4521,1724,0,99.85,0,1,79.925
4524,1724,0,99.85,0,1,79.925
4525,1724,0,99.85,0,1,79.925
4527,1724,0,100,0,1,80
4534,1724,0,100,0,1,80
4536,1724,0,100,0,1,80
4537,1724,0,99.85,0,1,79.925
4542,1724,0,100,0,3,100
4543,1724,0,100,0,1,80
4545,1724,0,99.851,0,1,79.9255
4547,1724,0,100,0,1,80
4550,1724,0,100,0,1,80
4551,1724,0,100,0,1,80
4555,1724,0,100,0,2,90
4558,1724,0,100,0,1,80
4559,1724,0,99.545,0,1,79.7725
4561,1724,0,100,0,1,80
4562,1724,0,99.786,0,1,79.893
4564,1724,0,100,0,1,80
4571,1724,0,99.693,0,1,79.8465
4575,1724,0,100,0,1,80
4582,1724,0,100,0,1,80
4584,1724,0,100,0,1,80
4588,1724,0,100,0,1,80
4592,1724,0,100,0,1,80
4593,1724,0,100,0,1,80
4594,1724,0,100,0,1,80
4598,1724,0,99.832,0,1,79.916
4601,1724,0,99.65,0,1,79.825
4602,1724,0,100,0,1,80
4605,1724,0,100,0,1,80
4610,1724,0,100,0,1,80
4611,1724,0,99.7675,0,2,89.88375
4613,1724,0,100,0,1,80
4616,1724,0,99.407,0,1,79.7035
4618,1724,0,100,0,1,80
4622,1724,0,100,0,1,80
4625,1724,0,95.876,0,1,77.938
4627,1724,0,100,0,1,80
4634,1724,0,100,0,1,80
4636,1724,0,99.6185,0,2,89.80925
4645,1724,0,100,0,1,80
4646,1724,0,100,0,1,80
4647,1724,0,94.35,0,3,97.175
4651,1724,0,94.882,0,1,77.441
4652,1724,0,100,0,1,80
4656,1724,0,100,0,1,80
4664,1724,0,100,0,1,80
4667,1724,0,99.711,0,1,79.8555
4672,1724,0,100,0,1,80
4673,1724,0,100,0,2,90
4682,1724,0,100,0,1,80
4683,1724,0,100,0,3,100
4686,1724,0,100,0,1,80
4691,1724,0,100,0,1,80
4695,1724,0,100,0,1,80
4696,1724,0,100,0,1,80
4699,1724,0,99.841,0,1,79.9205
4702,1724,0,100,0,1,80
4705,1724,0,100,0,1,80
4706,1724,0,100,0,1,80
4708,1724,0,100,0,1,80
4712,1724,0,100,0,1,80
4713,1724,0,100,0,1,80
4722,1724,0,99.851,0,1,79.9255
4723,1724,0,100,0,1,80
4725,1724,0,92.437,0,1,76.2185
4726,1724,0,100,0,1,80
4728,1724,0,100,0,1,80
4732,1724,0,98.958,0,1,79.479
4734,1724,0,92.188,0,1,76.094
4736,1724,0,100,0,1,80
4738,1724,0,100,0,3,100
4741,1724,0,100,0,1,80
4743,1724,0,100,0,1,80
4745,1724,0,100,0,1,80
4746,1724,0,100,0,1,80
4747,1724,0,100,0,1,80
4748,1724,0,99.773,0,1,79.8865
4749,1724,0,100,0,1,80
4753,1724,0,100,0,1,80
4759,1724,0,100,0,1,80
4760,1724,0,100,0,1,80
4764,1724,0,99.848,0,1,79.924
4765,1724,0,100,0,1,80
4766,1724,0,100,0,1,80
4773,1724,0,100,0,1,80
4775,1724,0,99.005,0,1,79.5025
4778,1724,0,99.511,0,1,79.7555
4781,1724,0,100,0,1,80
4785,1724,0,100,0,1,80
4786,1724,0,99.682,0,1,79.841
4793,1724,0,100,0,1,80
4795,1724,0,100,0,1,80
4798,1724,0,100,0,1,80
4799,1724,0,99.852,0,1,79.926
4802,1724,0,100,0,1,80
4811,1724,0,100,0,1,80
4813,1724,0,100,0,1,80
4815,1724,0,100,0,1,80
4816,1724,0,100,0,1,80
4818,1724,0,100,0,1,80
4819,1724,0,100,0,1,80
4822,1724,0,99.705,0,1,79.8525
4823,1724,0,100,0,1,80
4825,1724,0,99.709,0,1,79.8545
4829,1724,0,100,0,1,80
4831,1724,0,100,0,1,80
4832,1724,0,100,0,1,80
4837,1724,0,97.8835,0,2,88.94175
4845,1724,0,100,0,1,80
4851,1724,0,100,0,1,80
4852,1724,0,100,0,1,80
4853,1724,0,100,0,1,80
4857,1724,0,100,0,1,80
4859,1724,0,100,0,3,100
4862,1724,0,94.909,0,2,87.4545
4864,1724,0,100,0,1,80
4865,1724,0,99.699,0,1,79.8495
4866,1724,0,100,0,1,80
4873,1724,0,100,0,1,80
4877,1724,0,100,0,1,80
4885,1724,0,100,0,1,80
4887,1724,0,100,0,1,80
4888,1724,0,100,0,2,90
4889,1724,0,100,0,1,80
4891,1724,0,93.925,0,2,86.9625
4896,1724,0,99.858,0,1,79.929
4898,1724,0,100,0,1,80
4903,1724,0,100,0,1,80
4905,1724,0,100,0,1,80
4908,1724,0,100,0,1,80
4914,1724,0,100,0,1,80
4917,1724,0,94.834,0,2,87.417
4919,1724,0,100,0,1,80
4922,1724,0,99.802,0,1,79.901
4925,1724,0,94.6155,0,2,87.30775
4929,1724,0,100,0,1,80
4931,1724,0,99.536,0,1,79.768
4937,1724,0,100,0,1,80
4940,1724,0,98.889,0,3,99.4445
4947,1724,0,93.684,0,1,76.842
4957,1724,0,99.852,0,1,79.926
4958,1724,0,100,0,1,80
4961,1724,0,100,0,1,80
4962,1724,0,92.704,0,1,76.352
4964,1724,0,100,0,1,80
4969,1724,0,99.701,0,1,79.8505
4970,1724,0,100,0,1,80
4973,1724,0,100,0,1,80
4974,1724,0,99.85,0,1,79.925
4982,1724,0,100,0,1,80
4986,1724,0,100,0,1,80
4989,1724,0,100,0,1,80
4996,1724,0,100,0,1,80
4997,1724,0,100,0,1,80
5003,1724,0,95.536,0,1,77.768
5004,1724,0,98.451,0,1,79.2255
5010,1724,0,100,0,1,80
5012,1724,0,100,0,1,80
5015,1724,0,100,0,1,80
5017,1724,0,100,0,1,80
5022,1724,0,100,0,1,80
5025,1724,0,100,0,1,80
5026,1724,0,100,0,1,80
5033,1724,0,99.02,0,1,79.51
5034,1724,0,100,0,1,80
5036,1724,0,100,0,1,80
5040,1724,0,100,0,2,90
5041,1724,0,97.8835,0,2,88.94175
5042,1724,0,100,0,1,80
5043,1724,0,99.852,0,1,79.926
5045,1724,0,100,0,1,80
5046,1724,0,100,0,1,80
5051,1724,0,100,0,1,80
5055,1724,0,100,0,1,80
5057,1724,0,100,0,1,80
5059,1724,0,100,0,1,80
5060,1724,0,100,0,1,80
5062,1724,0,100,0,1,80
5069,1724,0,94.245,0,1,77.1225
5072,1724,0,100,0,1,80
5073,1724,0,99.558,0,1,79.779
5074,1724,0,100,0,1,80
5078,1724,0,100,0,1,80
5079,1724,0,100,0,1,80
5084,1724,0,100,0,1,80
5085,1724,0,100,0,1,80
5086,1724,0,99.699,0,1,79.8495
5088,1724,0,100,0,1,80
5090,1724,0,99.808,0,1,79.904
5093,1724,0,100,0,1,80
5100,1724,0,100,0,3,100
5101,1724,0,99.425,0,1,79.7125
5104,1724,0,100,0,1,80
5106,1724,0,99.857,0,1,79.9285
5108,1724,0,100,0,1,80
5109,1724,0,100,0,1,80
5121,1724,0,100,0,1,80
5126,1724,0,100,0,1,80
5128,1724,0,100,0,1,80
5130,1724,0,100,0,1,80
5132,1724,0,100,0,1,80
5135,1724,0,100,0,1,80
5136,1724,0,100,0,3,100
5142,1724,0,100,0,1,80
5143,1724,0,100,0,1,80
5147,1724,0,100,0,1,80
5155,1724,0,100,0,1,80
5158,1724,0,100,0,1,80
5162,1724,0,100,0,2,90
5163,1724,0,100,0,1,80
5168,1724,0,100,0,1,80
5169,1724,0,100,0,1,80
5171,1724,0,98.684,0,1,79.342
5172,1724,0,100,0,1,80
5174,1724,0,97.647,0,1,78.8235
5182,1724,0,100,0,1,80
5183,1724,0,99.848,0,1,79.924
5184,1724,0,99.839,0,1,79.9195
5185,1724,0,100,0,1,80
5187,1724,0,100,0,1,80
5188,1724,0,99.526,0,1,79.763
5190,1724,0,100,0,1,80
5191,1724,0,100,0,1,80
5195,1724,0,94.34,0,6,127.17
5196,1724,0,100,0,1,80
5199,1724,0,100,0,1,80
5200,1724,0,100,0,1,80
5202,1724,0,100,0,1,80
5203,1724,0,96.308,0,1,78.154
5206,1724,0,100,0,1,80
5212,1724,0,97.059,0,1,78.5295
5216,1724,0,100,0,1,80
5221,1724,0,98.605,0,1,79.3025
5222,1724,0,98.54,0,1,79.27
5225,1724,0,100,0,1,80
5226,1724,0,100,0,1,80
5228,1724,0,100,0,1,80
5233,1724,0,100,0,1,80
5235,1724,0,99.844,0,1,79.922
5237,1724,0,100,0,2,90
5238,1724,0,100,0,1,80
5240,1724,0,100,0,1,80
5241,1724,0,100,0,1,80
5246,1724,0,100,0,3,100
5247,1724,0,100,0,1,80
5251,1724,0,100,0,1,80
5254,1724,0,100,0,1,80
5256,1724,0,99.828,0,1,79.914
5258,1724,0,100,0,1,80
5259,1724,0,99.554,0,1,79.777
5274,1724,0,100,0,1,80
5284,1724,0,99.4645,0,2,89.73225
5286,1724,0,99.2,0,2,89.6
5287,1724,0,99.154,0,1,79.577
5293,1724,0,100,0,1,80
5295,1724,0,100,0,1,80
5297,1724,0,100,0,1,80
5298,1724,0,100,0,1,80
5300,1724,0,100,0,1,80
5302,1724,0,99.566,0,1,79.783
5303,1724,0,99.847,0,1,79.9235
5307,1724,0,100,0,2,90
5312,1724,0,99.656,0,1,79.828
5316,1724,0,99.145,0,1,79.5725
5318,1724,0,99.716,0,1,79.858
5319,1724,0,100,0,1,80
5323,1724,0,100,0,1,80
5329,1724,0,100,0,1,80
5330,1724,0,100,0,1,80
5333,1724,0,100,0,1,80
5334,1724,0,100,0,1,80
5336,1724,0,100,0,1,80
5338,1724,0,99.808,0,1,79.904
5339,1724,0,100,0,1,80
5340,1724,0,100,0,1,80
5342,1724,0,100,0,1,80
5343,1724,0,99.292,0,1,79.646
5344,1724,0,100,0,2,90
5348,1724,0,100,0,1,80
5349,1724,0,99.845,0,1,79.9225
5351,1724,0,100,0,1,80
5353,1724,0,100,0,1,80
5354,1724,0,100,0,1,80
5355,1724,0,100,0,1,80
5356,1724,0,90.458,0,3,95.229
5359,1724,0,99.848,0,1,79.924
5369,1724,0,100,0,1,80
5372,1724,0,100,0,1,80
5380,1724,0,91.753,0,1,75.8765
5384,1724,0,100,0,1,80
5385,1724,0,100,0,1,80
5398,1724,0,100,0,1,80
5399,1724,0,100,0,1,80
5402,1724,0,100,0,1,80
5403,1724,0,100,0,1,80
5408,1724,0,95.7865,0,2,87.89325
5409,1724,0,100,0,1,80
5410,1724,0,100,0,1,80
5412,1724,0,99.698,0,1,79.849
5414,1724,0,100,0,1,80
5416,1724,0,100,0,2,90
5419,1724,0,100,0,1,80
5421,1724,0,100,0,1,80
5428,1724,0,100,0,1,80
5434,1724,0,99.17,0,1,79.585
5440,1724,0,99.848,0,1,79.924
5443,1724,0,99.848,0,1,79.924
5449,1724,0,100,0,1,80
5450,1724,0,100,0,1,80
5454,1724,0,99.808,0,1,79.904
5458,1724,0,100,0,1,80
5460,1724,0,100,0,1,80
5461,1724,0,95.7865,0,2,87.89325
5462,1724,0,100,0,1,80
5464,1724,0,100,0,3,100
5467,1724,0,100,0,1,80
5470,1724,0,99.855,0,1,79.9275
5475,1724,0,99.543,0,1,79.7715
5479,1724,0,100,0,1,80
5480,1724,0,99.7725,0,2,89.88625
5485,1724,0,100,0,1,80
5488,1724,0,100,0,2,90
5492,1724,0,100,0,1,80
5496,1724,0,100,0,1,80
5498,1724,0,100,0,1,80
5499,1724,0,100,0,1,80
5500,1724,0,100,0,1,80
5501,1724,0,100,0,1,80
5503,1724,0,99.849,0,1,79.9245
5512,1724,0,99.811,0,1,79.9055
5513,1724,0,100,0,1,80
5516,1724,0,99.851,0,1,79.9255
5517,1724,0,100,0,1,80
5520,1724,0,99.846,0,1,79.923
5527,1724,0,100,0,1,80
5528,1724,0,100,0,1,80
5532,1724,0,100,0,1,80
5535,1724,0,99.709,0,1,79.8545
5536,1724,0,100,0,1,80
5538,1724,0,100,0,1,80
5541,1724,0,100,0,1,80
5544,1724,0,100,0,1,80
5545,1724,0,100,0,1,80
5547,1724,0,100,0,1,80
5548,1724,0,99.855,0,1,79.9275
5550,1724,0,100,0,1,80
5552,1724,0,100,0,1,80
5553,1724,0,100,0,1,80
5557,1724,0,100,0,1,80
5559,1724,0,100,0,1,80
5562,1724,0,100,0,2,90
5563,1724,0,100,0,1,80
5564,1724,0,100,0,1,80
5565,1724,0,100,0,1,80
5569,1724,0,100,0,1,80
5571,1724,0,100,0,1,80
5572,1724,0,100,0,1,80
5573,1724,0,100,0,1,80
5574,1724,0,99.847,0,1,79.9235
5576,1724,0,100,0,1,80
5583,1724,0,99.836,0,1,79.918
5584,1724,0,99.8435,0,2,89.92175
5591,1724,0,100,0,1,80
5594,1724,0,99.561,0,1,79.7805
5596,1724,0,94.909,0,2,87.4545
5597,1724,0,100,0,1,80
5604,1724,0,94.834,0,2,87.417
5605,1724,0,100,0,1,80
5606,1724,0,100,0,1,80
5607,1724,0,100,0,1,80
5609,1724,0,100,0,1,80
5610,1724,0,100,0,1,80
5613,1724,0,100,0,1,80
5614,1724,0,97.713,0,1,78.8565
5616,1724,0,100,0,1,80
5618,1724,0,100,0,1,80
5619,1724,0,100,0,1,80
5620,1724,0,100,0,1,80
5621,1724,0,100,0,1,80
5624,1724,0,99.843,0,1,79.9215
5627,1724,0,100,0,1,80
5628,1724,0,100,0,3,100
5629,1724,0,100,0,1,80
5634,1724,0,100,0,1,80
5635,1724,0,100,0,1,80
5637,1724,0,100,0,1,80
5638,1724,0,97.034,0,1,78.517
5640,1724,0,100,0,1,80
5647,1724,0,94.34,0,6,127.17
5650,1724,0,94.86,0,1,77.43
5652,1724,0,100,0,1,80
5654,1724,0,99.841,0,1,79.9205
5656,1724,0,100,0,1,80
5667,1724,0,100,0,1,80
5671,1724,0,100,0,2,90
5672,1724,0,100,0,1,80
5673,1724,0,100,0,1,80
5676,1724,0,100,0,1,80
5678,1724,0,100,0,1,80
5679,1724,0,97.8835,0,2,88.94175
5680,1724,0,99.832,0,1,79.916
5682,1724,0,100,0,1,80
5687,1724,0,97.115,0,1,78.5575
5688,1724,0,99.707,0,1,79.8535
5690,1724,0,100,0,1,80
5693,1724,0,91.327,0,1,75.6635
5695,1724,0,100,0,1,80
5696,1724,0,100,0,1,80
5702,1724,0,99.845,0,1,79.9225
5704,1724,0,100,0,1,80
5705,1724,0,99.413,0,1,79.7065
5707,1724,0,100,0,1,80
5708,1724,0,100,0,1,80
5710,1724,0,100,0,1,80
5711,1724,0,100,0,1,80
5713,1724,0,100,0,1,80
5717,1724,0,94.909,0,2,87.4545
5720,1724,0,100,0,1,80
5722,1724,0,100,0,1,80
5723,1724,0,100,0,1,80
5724,1724,0,100,0,1,80
5733,1724,0,100,0,1,80
5735,1724,0,99.369,0,1,79.6845
5739,1724,0,100,0,1,80
5740,1724,0,99.775,0,1,79.8875
5742,1724,0,100,0,1,80
5749,1724,0,100,0,1,80
5763,1724,0,100,0,1,80
5766,1724,0,99.342,0,1,79.671
5767,1724,0,100,0,1,80
5777,1724,0,100,0,1,80
5780,1724,0,97.638,0,1,78.819
5783,1724,0,93.956,0,1,76.978
5785,1724,0,97.8835,0,2,88.94175
5786,1724,0,97.194,0,1,78.597
5792,1724,0,100,0,1,80
5796,1724,0,100,0,1,80
5797,1724,0,100,0,1,80
5800,1724,0,99.85,0,1,79.925
5803,1724,0,100,0,1,80
5807,1724,0,100,0,1,80
5812,1724,0,100,0,1,80
5813,1724,0,100,0,1,80
5814,1724,0,100,0,1,80
5815,1724,0,100,0,1,80
5816,1724,0,100,0,3,100
5828,1724,0,100,0,1,80
5829,1724,0,93.925,0,2,86.9625
5830,1724,0,99.851,0,1,79.9255
5834,1724,0,94.444,0,1,77.222
5835,1724,0,100,0,1,80
5838,1724,0,100,0,1,80
5840,1724,0,100,0,1,80
5843,1724,0,100,0,1,80
5846,1724,0,100,0,1,80
5855,1724,0,100,0,1,80
5859,1724,0,100,0,1,80
5860,1724,0,100,0,1,80
5869,1724,0,100,0,1,80
5880,1724,0,100,0,1,80
5890,1724,0,100,0,1,80
5891,1724,0,99.853,0,1,79.9265
5895,1724,0,94.34,0,6,127.17
5897,1724,0,100,0,1,80
5898,1724,0,100,0,1,80
5903,1724,0,100,0,1,80
5906,1724,0,97.921,0,1,78.9605
5917,1724,0,100,0,1,80
5918,1724,0,97.149,0,1,78.5745
5920,1724,0,97.8835,0,2,88.94175
5924,1724,0,96.19,0,1,78.095
5925,1724,0,99.843,0,1,79.9215
5929,1724,0,99.849,0,1,79.9245
5930,1724,0,100,0,1,80
5934,1724,0,100,0,1,80
5942,1724,0,100,0,1,80
5947,1724,0,94.909,0,2,87.4545
5950,1724,0,100,0,3,100
5951,1724,0,99.851,0,1,79.9255
5953,1724,0,100,0,1,80
5955,1724,0,100,0,1,80
5956,1724,0,92.715,0,1,76.3575
5959,1724,0,100,0,2,90
5962,1724,0,100,0,1,80
5965,1724,0,100,0,1,80
5967,1724,0,99.85,0,1,79.925
5968,1724,0,100,0,1,80
5975,1724,0,100,0,1,80
5977,1724,0,99.85,0,1,79.925
5984,1724,0,100,0,1,80
5986,1724,0,99.502,0,1,79.751
5993,1724,0,99.851,0,1,79.9255
5994,1724,0,99.466,0,2,89.733
5997,1724,0,100,0,1,80
5998,1724,0,100,0,1,80
5999,1724,0,100,0,1,80
6000,1724,0,100,0,1,80
6001,1724,0,99.811,0,1,79.9055
6004,1724,0,99.833,0,1,79.9165
6006,1724,0,100,0,1,80
6008,1724,0,100,0,1,80
6010,1724,0,100,0,1,80
6016,1724,0,100,0,1,80
6023,1724,0,100,0,1,80
6024,1724,0,100,0,1,80
6027,1724,0,100,0,1,80
6029,1724,0,100,0,1,80
6030,1724,0,99.6065,0,2,89.80325
6032,1724,0,100,0,1,80
6038,1724,0,100,0,1,80
6039,1724,0,99.412,0,1,79.706
6041,1724,0,100,0,1,80
6043,1724,0,100,0,1,80
6046,1724,0,100,0,2,90
6048,1724,0,100,0,1,80
6049,1724,0,100,0,1,80
6050,1724,0,100,0,1,80
6051,1724,0,100,0,1,80
6058,1724,0,100,0,1,80
6059,1724,0,100,0,1,80
6061,1724,0,100,0,1,80
6062,1724,0,100,0,1,80
6064,1724,0,100,0,1,80
6065,1724,0,100,0,1,80
6069,1724,0,98.279,0,1,79.1395
6073,1724,0,100,0,1,80
6075,1724,0,100,0,1,80
6077,1724,0,98.601,0,1,79.3005
6081,1724,0,99.854,0,1,79.927
6082,1724,0,100,0,1,80
6083,1724,0,100,0,1,80
6086,1724,0,100,0,1,80
6094,1724,0,100,0,1,80
6095,1724,0,100,0,1,80
6096,1724,0,99.708,0,1,79.854
6101,1724,0,100,0,1,80
6105,1724,0,100,0,1,80
6106,1724,0,100,0,1,80
6107,1724,0,100,0,1,80
6109,1724,0,100,0,2,90
6114,1724,0,99.575,0,1,79.7875
6116,1724,0,100,0,1,80
6128,1724,0,100,0,1,80
6131,1724,0,99.704,0,1,79.852
6132,1724,0,100,0,1,80
6133,1724,0,100,0,1,80
6134,1724,0,100,0,1,80
6138,1724,0,100,0,1,80
6139,1724,0,100,0,1,80
6140,1724,0,100,0,1,80
6142,1724,0,100,0,1,80
6148,1724,0,99.853,0,1,79.9265
6150,1724,0,100,0,1,80
6153,1724,0,100,0,2,90
6156,1724,0,100,0,1,80
6160,1724,0,99.013,0,1,79.5065
6162,1724,0,99.6285,0,2,89.81425
6166,1724,0,89.922,0,1,74.961
6169,1724,0,100,0,1,80
6171,1724,0,100,0,1,80
6173,1724,0,100,0,1,80
6174,1724,0,100,0,1,80
6175,1724,0,100,0,1,80
6176,1724,0,100,0,3,100
6179,1724,0,100,0,1,80
6182,1724,0,100,0,1,80
6183,1724,0,99.559,0,1,79.7795
6186,1724,0,99.27,0,1,79.635
6187,1724,0,100,0,1,80
6190,1724,0,100,0,1,80
6194,1724,0,100,0,1,80
6196,1724,0,97.854,0,1,78.927
6202,1724,0,99.575,0,1,79.7875
6203,1724,0,100,0,1,80
6206,1724,0,100,0,1,80
6210,1724,0,100,0,1,80
6215,1724,0,100,0,1,80
6217,1724,0,100,0,1,80
6221,1724,0,99.277,0,1,79.6385
6224,1724,0,100,0,1,80
6225,1724,0,100,0,1,80
6227,1724,0,99.424,0,1,79.712
6236,1724,0,100,0,1,80
6240,1724,0,100,0,1,80
6241,1724,0,100,0,1,80
6244,1724,0,100,0,1,80
6246,1724,0,100,0,1,80
6248,1724,0,99.344,0,1,79.672
6254,1724,0,100,0,2,90
6256,1724,0,99.701,0,1,79.8505
6257,1724,0,100,0,1,80
6260,1724,0,99.824,0,1,79.912
6267,1724,0,100,0,1,80
6271,1724,0,100,0,2,90
6273,1724,0,99.855,0,1,79.9275
6274,1724,0,100,0,1,80
6275,1724,0,100,0,1,80
6279,1724,0,99.765,0,1,79.8825
6280,1724,0,100,0,1,80
6292,1724,0,100,0,1,80
6296,1724,0,100,0,1,80
6298,1724,0,97.674,0,1,78.837
6299,1724,0,99.845,0,1,79.9225
6304,1724,0,100,0,1,80
6305,1724,0,99.368,0,1,79.684
6309,1724,0,89.189,0,1,74.5945
6311,1724,0,99.842,0,1,79.921
6312,1724,0,100,0,1,80
6316,1724,0,100,0,1,80
6322,1724,0,95.652,0,1,77.826
6325,1724,0,100,0,1,80
6326,1724,0,100,0,1,80
6327,1724,0,94.18,0,1,77.09
6329,1724,0,100,0,1,80
6330,1724,0,100,0,2,90
6332,1724,0,100,0,1,80
6333,1724,0,100,0,1,80
6334,1724,0,100,0,1,80
6335,1724,0,100,0,1,80
6341,1724,0,99.686,0,1,79.843
6342,1724,0,99.844,0,1,79.922
6343,1724,0,100,0,1,80
6344,1724,0,99.345,0,2,89.6725
6356,1724,0,100,0,1,80
6357,1724,0,100,0,1,80
6358,1724,0,100,0,2,90
6359,1724,0,100,0,2,90
6360,1724,0,100,0,1,80
6365,1724,0,100,0,1,80
6367,1724,0,100,0,1,80
6368,1724,0,100,0,1,80
6369,1724,0,99.689,0,1,79.8445
6371,1724,0,100,0,1,80
6372,1724,0,100,0,1,80
6373,1724,0,98.881,0,1,79.4405
6374,1724,0,100,0,1,80
6375,1724,0,100,0,3,100
6377,1724,0,100,0,1,80
6379,1724,0,100,0,1,80
6380,1724,0,100,0,1,80
6392,1724,0,100,0,2,90
6393,1724,0,100,0,1,80
6399,1724,0,100,0,1,80
6402,1724,0,100,0,1,80
6404,1724,0,100,0,2,90
6405,1724,0,100,0,1,80
6408,1724,0,100,0,1,80
6410,1724,0,99.846,0,1,79.923
6412,1724,0,99.692,0,1,79.846
6415,1724,0,97.05,0,1,78.525
6417,1724,0,99.688,0,1,79.844
6418,1724,0,100,0,1,80
6419,1724,0,100,0,1,80
6420,1724,0,100,0,1,80
6423,1724,0,100,0,1,80
6425,1724,0,100,0,1,80
6429,1724,0,100,0,1,80
6430,1724,0,100,0,1,80
6433,1724,0,99.536,0,1,79.768
6436,1724,0,99.518,0,1,79.759
6439,1724,0,99.832,0,1,79.916
6440,1724,0,100,0,1,80
6450,1724,0,100,0,1,80
6452,1724,0,100,0,1,80
6453,1724,0,100,0,1,80
6455,1724,0,100,0,1,80
6456,1724,0,98.089,0,1,79.0445
6463,1724,0,100,0,1,80
6465,1724,0,100,0,1,80
6474,1724,0,100,0,1,80
6480,1724,0,99.091,0,1,79.5455
6482,1724,0,100,0,1,80
6485,1724,0,95.833,0,1,77.9165
6491,1724,0,100,0,1,80
6496,1724,0,100,0,1,80
6514,1724,0,99.687,0,1,79.8435
6518,1724,0,99.853,0,1,79.9265
6521,1724,0,99.419,0,1,79.7095
6522,1724,0,100,0,1,80
6523,1724,0,100,0,1,80
6524,1724,0,100,0,1,80
6527,1724,0,100,0,1,80
6533,1724,0,100,0,1,80
6534,1724,0,100,0,1,80
6538,1724,0,100,0,1,80
6541,1724,0,100,0,1,80
6543,1724,0,100,0,1,80
6544,1724,0,100,0,1,80
6547,1724,0,100,0,1,80
6548,1724,0,100,0,1,80
6554,1724,0,100,0,2,90
6560,1724,0,100,0,1,80
6569,1724,0,100,0,1,80
6570,1724,0,100,0,1,80
6574,1724,0,96.023,0,1,78.0115
6581,1724,0,100,0,1,80
6586,1724,0,100,0,1,80
6588,1724,0,100,0,1,80
6593,1724,0,100,0,1,80
6594,1724,0,100,0,1,80
6595,1724,0,100,0,1,80
6597,1724,0,100,0,1,80
6600,1724,0,100,0,1,80
6601,1724,0,100,0,1,80
6602,1724,0,100,0,1,80
6603,1724,0,96.887,0,1,78.4435
6604,1724,0,100,0,1,80
6607,1724,0,100,0,1,80
6608,1724,0,99.857,0,1,79.9285
6610,1724,0,100,0,1,80
6613,1724,0,100,0,2,90
6615,1724,0,99.713,0,1,79.8565
6618,1724,0,100,0,2,90
6623,1724,0,100,0,1,80
6624,1724,0,100,0,1,80
6626,1724,0,100,0,1,80
6628,1724,0,100,0,1,80
6633,1724,0,100,0,1,80
6634,1724,0,100,0,1,80
6639,1724,0,100,0,1,80
6641,1724,0,100,0,1,80
6642,1724,0,100,0,1,80
6644,1724,0,94.118,0,1,77.059
6645,1724,0,100,0,1,80
6659,1724,0,100,0,1,80
6660,1724,0,100,0,1,80
6667,1724,0,100,0,1,80
6669,1724,0,93.925,0,2,86.9625
6670,1724,0,100,0,3,100
6671,1724,0,99.769,0,2,89.8845
6675,1724,0,99.755,0,1,79.8775
6677,1724,0,99.854,0,1,79.927
6679,1724,0,100,0,3,100
6684,1724,0,99.553,0,1,79.7765
6685,1724,0,100,0,1,80
6686,1724,0,100,0,1,80
6697,1724,0,100,0,1,80
6701,1724,0,100,0,1,80
6703,1724,0,99.561,0,1,79.7805
6717,1724,0,100,0,1,80
6720,1724,0,100,0,1,80
6724,1724,0,99.555,0,1,79.7775
6725,1724,0,100,0,1,80
6727,1724,0,97.8835,0,2,88.94175
6734,1724,0,100,0,1,80
6736,1724,0,99.558,0,1,79.779
6741,1724,0,100,0,1,80
6742,1724,0,100,0,1,80
6745,1724,0,100,0,1,80
6752,1724,0,94.34,0,6,127.17
6754,1724,0,100,0,1,80
6755,1724,0,100,0,2,90
6757,1724,0,100,0,2,90
6760,1724,0,100,0,2,90
6763,1724,0,98.952,0,1,79.476
6764,1724,0,94.34,0,6,127.17
6772,1724,0,98.81,0,1,79.405
6774,1724,0,100,0,1,80
6780,1724,0,93.22,0,1,76.61
6782,1724,0,100,0,1,80
6784,1724,0,100,0,1,80
6785,1724,0,100,0,1,80
6788,1724,0,99.538,0,1,79.769
6789,1724,0,100,0,1,80
6793,1724,0,100,0,1,80
6798,1724,0,100,0,1,80
6800,1724,0,100,0,1,80
6802,1724,0,100,0,1,80
6807,1724,0,100,0,1,80
6809,1724,0,100,0,1,80
6816,1724,0,100,0,1,80
6822,1724,0,100,0,1,80
6824,1724,0,100,0,1,80
6830,1724,0,100,0,1,80
6837,1724,0,100,0,1,80
6838,1724,0,100,0,1,80
6839,1724,0,99.824,0,1,79.912
6841,1724,0,100,0,1,80
6842,1724,0,100,0,1,80
6847,1724,0,99.851,0,1,79.9255
6850,1724,0,100,0,1,80
6851,1724,0,100,0,1,80
6856,1724,0,99.848,0,1,79.924
6857,1724,0,99.735,0,1,79.8675
6860,1724,0,98.305,0,1,79.1525
6863,1724,0,97.8835,0,2,88.94175
6865,1724,0,100,0,1,80
6870,1724,0,94.919,0,1,77.4595
6871,1724,0,100,0,1,80
6875,1724,0,100,0,1,80
6877,1724,0,100,0,1,80
6878,1724,0,100,0,1,80
6880,1724,0,100,0,1,80
6881,1724,0,100,0,1,80
6884,1724,0,99.767,0,2,89.8835
6885,1724,0,100,0,1,80
6888,1724,0,98.381,0,1,79.1905
6890,1724,0,100,0,1,80
6892,1724,0,100,0,1,80
6893,1724,0,98.611,0,1,79.3055
6894,1724,0,100,0,1,80
6896,1724,0,94.037,0,1,77.0185
6898,1724,0,100,0,1,80
6901,1724,0,100,0,1,80
6904,1724,0,92.381,0,1,76.1905
6912,1724,0,100,0,1,80
6915,1724,0,99.848,0,1,79.924
6917,1724,0,100,0,1,80
6918,1724,0,100,0,1,80
6920,1724,0,100,0,1,80
6922,1724,0,100,0,1,80
6923,1724,0,100,0,1,80
6926,1724,0,100,0,1,80
6927,1724,0,100,0,1,80
6930,1724,0,100,0,1,80
6931,1724,0,98.817,0,1,79.4085
6943,1724,0,99.383,0,1,79.6915
6945,1724,0,100,0,1,80
6946,1724,0,100,0,1,80
6952,1724,0,100,0,2,90
6953,1724,0,99.849,0,1,79.9245
6957,1724,0,97.8835,0,2,88.94175
6958,1724,0,99.849,0,1,79.9245
6960,1724,0,100,0,1,80
6961,1724,0,100,0,1,80
6963,1724,0,94.231,0,1,77.1155
6966,1724,0,100,0,1,80
6967,1724,0,100,0,1,80
6969,1724,0,100,0,1,80
6972,1724,0,100,0,1,80
6976,1724,0,99.852,0,1,79.926
6977,1724,0,100,0,1,80
6978,1724,0,100,0,1,80
6980,1724,0,100,0,1,80
6981,1724,0,100,0,1,80
6983,1724,0,100,0,1,80
6986,1724,0,100,0,1,80
6988,1724,0,100,0,1,80
6990,1724,0,100,0,1,80
6991,1724,0,100,0,1,80
6993,1724,0,94.35,0,3,97.175
6995,1724,0,93.75,0,1,76.875
6997,1724,0,100,0,1,80
7002,1724,0,100,0,1,80
7004,1724,0,100,0,1,80
7007,1724,0,100,0,1,80
7012,1724,0,100,0,1,80
7013,1724,0,100,0,1,80
7014,1724,0,99.707,0,1,79.8535
7017,1724,0,100,0,1,80
7019,1724,0,100,0,1,80
7021,1724,0,100,0,1,80
7023,1724,0,100,0,1,80
7028,1724,0,100,0,1,80
7029,1724,0,99.29,0,1,79.645
7032,1724,0,100,0,3,100
7033,1724,0,100,0,1,80
7036,1724,0,100,0,1,80
7041,1724,0,100,0,1,80
7042,1724,0,100,0,1,80
7043,1724,0,100,0,1,80
7047,1724,0,100,0,2,90
7048,1724,0,98.047,0,1,79.0235
7050,1724,0,100,0,1,80
7059,1724,0,99.851,0,1,79.9255
7060,1724,0,100,0,1,80
7063,1724,0,100,0,1,80
7064,1724,0,95.455,0,1,77.7275
7065,1724,0,100,0,1,80
7067,1724,0,100,0,1,80
7068,1724,0,100,0,1,80
7069,1724,0,99.671,0,1,79.8355
7076,1724,0,94.909,0,2,87.4545
7081,1724,0,100,0,1,80
7082,1724,0,100,0,1,80
7083,1724,0,99.265,0,1,79.6325
7084,1724,0,99.845,0,1,79.9225
7088,1724,0,99.563,0,1,79.7815
7092,1724,0,100,0,1,80
7097,1724,0,100,0,1,80
7101,1724,0,100,0,1,80
7103,1724,0,100,0,2,90
7106,1724,0,99.824,0,1,79.912
7109,1724,0,100,0,1,80
7111,1724,0,97.8835,0,2,88.94175
7119,1724,0,99.844,0,1,79.922
7122,1724,0,99.847,0,1,79.9235
7123,1724,0,100,0,1,80
7124,1724,0,100,0,1,80
7128,1724,0,100,0,1,80
7129,1724,0,100,0,1,80
7132,1724,0,100,0,1,80
7133,1724,0,100,0,1,80
7136,1724,0,100,0,1,80
7139,1724,0,100,0,1,80
7147,1724,0,100,0,1,80
7148,1724,0,100,0,1,80
7149,1724,0,100,0,1,80
7152,1724,0,99.42,0,1,79.71
7156,1724,0,100,0,1,80
7157,1724,0,100,0,1,80
7158,1724,0,99.849,0,1,79.9245
7159,1724,0,98.818,0,1,79.409
7160,1724,0,100,0,1,80
7163,1724,0,100,0,1,80
7164,1724,0,100,0,1,80
7168,1724,0,97.8835,0,2,88.94175
7170,1724,0,99.76,0,1,79.88
7174,1724,0,99.853,0,1,79.9265
7175,1724,0,99.846,0,1,79.923
7176,1724,0,100,0,1,80
7183,1724,0,100,0,1,80
7187,1724,0,100,0,1,80
7189,1724,0,99.42,0,1,79.71
7191,1724,0,99.563,0,1,79.7815
7196,1724,0,100,0,1,80
7198,1724,0,100,0,2,90
7199,1724,0,100,0,1,80
7201,1724,0,100,0,1,80
7204,1724,0,100,0,2,90
7205,1724,0,100,0,1,80
7207,1724,0,100,0,1,80
7208,1724,0,100,0,1,80
7211,1724,0,100,0,1,80
7212,1724,0,100,0,1,80
7213,1724,0,99.563,0,1,79.7815
7217,1724,0,100,0,1,80
7219,1724,0,100,0,1,80
7222,1724,0,100,0,1,80
7223,1724,0,94.34,0,6,127.17
7227,1724,0,94.845,0,1,77.4225
7228,1724,0,94.909,0,2,87.4545
7232,1724,0,100,0,1,80
7234,1724,0,99.851,0,1,79.9255
7235,1724,0,100,0,1,80
7238,1724,0,100,0,1,80
7240,1724,0,100,0,1,80
7243,1724,0,100,0,1,80
7244,1724,0,100,0,2,90
7245,1724,0,100,0,1,80
7247,1724,0,100,0,1,80
7255,1724,0,99.846,0,1,79.923
7256,1724,0,100,0,1,80
7259,1724,0,100,0,1,80
7261,1724,0,100,0,1,80
7270,1724,0,100,0,1,80
7273,1724,0,100,0,1,80
7277,1724,0,100,0,1,80
7291,1724,0,100,0,1,80
7292,1724,0,98.923,0,1,79.4615
7297,1724,0,100,0,1,80
7300,1724,0,100,0,1,80
7302,1724,0,99.771,0,2,89.8855
7304,1724,0,100,0,1,80
7306,1724,0,99.333,0,1,79.6665
7309,1724,0,100,0,2,90
7312,1724,0,100,0,1,80
7314,1724,0,99.833,0,1,79.9165
7316,1724,0,100,0,1,80
7319,1724,0,100,0,1,80
7325,1724,0,99.692,0,1,79.846
7333,1724,0,100,0,1,80
7340,1724,0,99.237,0,1,79.6185
7341,1724,0,100,0,1,80
7343,1724,0,100,0,3,100
7345,1724,0,100,0,1,80
7347,1724,0,100,0,1,80
7351,1724,0,100,0,1,80
7355,1724,0,100,0,2,90
7358,1724,0,100,0,1,80
7359,1724,0,100,0,1,80
7361,1724,0,91.401,0,1,75.7005
7362,1724,0,100,0,1,80
7367,1724,0,99.037,0,1,79.5185
7380,1724,0,99.444,0,1,79.722
7386,1724,0,100,0,1,80
7388,1724,0,100,0,1,80
7390,1724,0,100,0,2,90
7391,1724,0,99.699,0,1,79.8495
7392,1724,0,100,0,1,80
7400,1724,0,100,0,1,80
7403,1724,0,100,0,1,80
7405,1724,0,100,0,1,80
7408,1724,0,100,0,1,80
7409,1724,0,100,0,1,80
7410,1724,0,100,0,1,80
7414,1724,0,100,0,1,80
7416,1724,0,100,0,1,80
7417,1724,0,100,0,1,80
7418,1724,0,100,0,1,80
7425,1724,0,100,0,2,90
7430,1724,0,99.64,0,1,79.82
7433,1724,0,100,0,1,80
7436,1724,0,100,0,1,80
7438,1724,0,99.781,0,1,79.8905
7440,1724,0,100,0,1,80
7446,1724,0,98.563,0,1,79.2815
7448,1724,0,100,0,1,80
7450,1724,0,100,0,1,80
7451,1724,0,100,0,1,80
7452,1724,0,100,0,1,80
7453,1724,0,100,0,1,80
7455,1724,0,100,0,1,80
7456,1724,0,100,0,1,80
7461,1724,0,99.85,0,1,79.925
7463,1724,0,100,0,3,100
7467,1724,0,100,0,2,90
7469,1724,0,100,0,3,100
7471,1724,0,100,0,1,80
7472,1724,0,99.852,0,1,79.926
7475,1724,0,100,0,1,80
7481,1724,0,100,0,1,80
7482,1724,0,100,0,3,100
7487,1724,0,100,0,1,80
7499,1724,0,100,0,1,80
7514,1724,0,100,0,1,80
7518,1724,0,100,0,1,80
7520,1724,0,99.845,0,1,79.9225
7524,1724,0,99.86,0,1,79.93
7526,1724,0,100,0,1,80
7529,1724,0,100,0,1,80
7530,1724,0,100,0,1,80
7540,1724,0,100,0,1,80
7542,1724,0,100,0,1,80
7543,1724,0,100,0,1,80
7544,1724,0,100,0,2,90
7546,1724,0,100,0,1,80
7547,1724,0,100,0,1,80
7548,1724,0,100,0,1,80
7550,1724,0,99.717,0,1,79.8585
7553,1724,0,99.848,0,1,79.924
7558,1724,0,100,0,1,80
7563,1724,0,100,0,1,80
7566,1724,0,100,0,1,80
7567,1724,0,100,0,1,80
7584,1724,0,99.696,0,1,79.848
7587,1724,0,98.168,0,1,79.084
7594,1724,0,100,0,1,80
7604,1724,0,99.667,0,1,79.8335
7605,1724,0,99.873,0,2,89.9365
7609,1724,0,100,0,1,80
7615,1724,0,100,0,2,90
7616,1724,0,99.79,0,1,79.895
7619,1724,0,98.929,0,1,79.4645
7623,1724,0,100,0,1,80
7635,1724,0,100,0,1,80
7637,1724,0,100,0,1,80
7640,1724,0,100,0,1,80
7647,1724,0,100,0,1,80
7648,1724,0,100,0,1,80
7650,1724,0,100,0,1,80
7654,1724,0,100,0,1,80
7656,1724,0,100,0,1,80
7659,1724,0,100,0,1,80
7660,1724,0,100,0,1,80
7662,1724,0,100,0,1,80
7663,1724,0,100,0,1,80
7665,1724,0,96.193,0,2,88.0965
7666,1724,0,100,0,1,80
7667,1724,0,100,0,1,80
7668,1724,0,100,0,3,100
7669,1724,0,98.492,0,1,79.246
7670,1724,0,100,0,1,80
7671,1724,0,100,0,1,80
7672,1724,0,100,0,1,80
7674,1724,0,100,0,1,80
7677,1724,0,95.506,0,1,77.753
7678,1724,0,100,0,1,80
7684,1724,0,100,0,1,80
7688,1724,0,100,0,1,80
7690,1724,0,100,0,1,80
7696,1724,0,100,0,2,90
7704,1724,0,97.8835,0,2,88.94175
7715,1724,0,100,0,1,80
7716,1724,0,99.701,0,1,79.8505
7730,1724,0,100,0,1,80
7732,1724,0,100,0,1,80
7733,1724,0,100,0,1,80
7735,1724,0,100,0,1,80
7738,1724,0,100,0,1,80
7740,1724,0,100,0,1,80
7743,1724,0,100,0,1,80
7744,1724,0,100,0,1,80
7745,1724,0,100,0,1,80
7746,1724,0,100,0,1,80
7747,1724,0,100,0,1,80
7748,1724,0,100,0,1,80
7750,1724,0,100,0,1,80
7753,1724,0,100,0,1,80
7755,1724,0,93.925,0,2,86.9625
7756,1724,0,100,0,2,90
7758,1724,0,100,0,1,80
7762,1724,0,100,0,1,80
7765,1724,0,100,0,2,90
7769,1724,0,100,0,1,80
7779,1724,0,100,0,1,80
7786,1724,0,100,0,1,80
7787,1724,0,100,0,1,80
7790,1724,0,100,0,1,80
7791,1724,0,100,0,3,100
7792,1724,0,100,0,1,80
7795,1724,0,100,0,1,80
7797,1724,0,99.825,0,1,79.9125
7799,1724,0,100,0,1,80
7802,1724,0,100,0,1,80
7807,1724,0,94.34,0,6,127.17
7808,1724,0,99.551,0,1,79.7755
7812,1724,0,95.1725,0,2,87.58625
7813,1724,0,100,0,1,80
7814,1724,0,99.714,0,1,79.857
7815,1724,0,100,0,1,80
7818,1724,0,100,0,1,80
7819,1724,0,100,0,1,80
7826,1724,0,99.403,0,1,79.7015
7828,1724,0,100,0,1,80
7829,1724,0,100,0,1,80
7834,1724,0,99.654,0,1,79.827
7835,1724,0,95.7865,0,2,87.89325
7836,1724,0,100,0,1,80
7840,1724,0,100,0,1,80
7845,1724,0,100,0,1,80
7846,1724,0,100,0,1,80
7851,1724,0,100,0,1,80
7860,1724,0,100,0,2,90
7863,1724,0,100,0,1,80
7864,1724,0,96.347,0,1,78.1735
7865,1724,0,100,0,1,80
7867,1724,0,100,0,1,80
7870,1724,0,100,0,1,80
7871,1724,0,100,0,1,80
7880,1724,0,100,0,1,80
7884,1724,0,100,0,1,80
7889,1724,0,100,0,1,80
7890,1724,0,98.881,0,2,89.4405
7894,1724,0,100,0,1,80
7896,1724,0,100,0,1,80
7897,1724,0,99.852,0,1,79.926
7900,1724,0,100,0,1,80
7915,1724,0,95.423,0,1,77.7115
7916,1724,0,100,0,1,80
7918,1724,0,100,0,1,80
7919,1724,0,99.573,0,1,79.7865
7923,1724,0,100,0,1,80
7925,1724,0,99.69,0,1,79.845
7936,1724,0,100,0,2,90
7939,1724,0,94.34,0,6,127.17
7941,1724,0,99.649,0,1,79.8245
7942,1724,0,100,0,1,80
7944,1724,0,99.18,0,1,79.59
7945,1724,0,100,0,1,80
7946,1724,0,100,0,1,80
7948,1724,0,99.813,0,1,79.9065
7951,1724,0,100,0,1,80
7954,1724,0,99.845,0,1,79.9225
7955,1724,0,100,0,1,80
7956,1724,0,100,0,1,80
7960,1724,0,100,0,1,80
7963,1724,0,99.844,0,1,79.922
7964,1724,0,100,0,1,80
7967,1724,0,96.954,0,1,78.477
7968,1724,0,100,0,1,80
7970,1724,0,100,0,1,80
7973,1724,0,94.413,0,1,77.2065
7976,1724,0,100,0,1,80
7978,1724,0,98.876,0,1,79.438
7983,1724,0,97.112,0,1,78.556
7985,1724,0,94.779,0,2,87.3895
7991,1724,0,99.561,0,1,79.7805
7993,1724,0,100,0,1,80
7995,1724,0,99.566,0,1,79.783
7996,1724,0,100,0,1,80
8002,1724,0,96.532,0,1,78.266
8005,1724,0,100,0,1,80
8007,1724,0,100,0,1,80
8010,1724,0,100,0,1,80
8013,1724,0,99.705,0,1,79.8525
8016,1724,0,100,0,1,80
8018,1724,0,100,0,1,80
8019,1724,0,99.853,0,1,79.9265
8021,1724,0,100,0,1,80
8025,1724,0,100,0,1,80
8026,1724,0,94.709,0,1,77.3545
8029,1724,0,100,0,1,80
8034,1724,0,100,0,1,80
8037,1724,0,100,0,1,80
8042,1724,0,99.806,0,1,79.903
8043,1724,0,100,0,1,80
8047,1724,0,100,0,1,80
8052,1724,0,100,0,1,80
8056,1724,0,100,0,2,90
8059,1724,0,100,0,1,80
8061,1724,0,100,0,1,80
8062,1724,0,100,0,1,80
8063,1724,0,97.8835,0,2,88.94175
8064,1724,0,100,0,1,80
8067,1724,0,100,0,1,80
8071,1724,0,100,0,1,80
8072,1724,0,100,0,1,80
8073,1724,0,100,0,1,80
8075,1724,0,100,0,1,80
8076,1724,0,100,0,1,80
8078,1724,0,99.708,0,1,79.854
8079,1724,0,100,0,1,80
8080,1724,0,100,0,1,80
8082,1724,0,99.832,0,1,79.916
8083,1724,0,100,0,1,80
8085,1724,0,99.828,0,1,79.914
8087,1724,0,99.709,0,1,79.8545
8089,1724,0,100,0,1,80
8090,1724,0,100,0,1,80
8097,1724,0,100,0,1,80
8102,1724,0,99.841,0,1,79.9205
8104,1724,0,100,0,2,90
8110,1724,0,100,0,1,80
8111,1724,0,99.851,0,1,79.9255
8116,1724,0,100,0,1,80
8119,1724,0,100,0,1,80
8120,1724,0,100,0,1,80
8121,1724,0,100,0,1,80
8122,1724,0,99.848,0,1,79.924
8126,1724,0,100,0,1,80
8129,1724,0,100,0,1,80
8135,1724,0,100,0,1,80
8137,1724,0,100,0,1,80
8138,1724,0,99.778,0,1,79.889
8139,1724,0,99.843,0,1,79.9215
8149,1724,0,99.856,0,1,79.928
8150,1724,0,100,0,1,80
8151,1724,0,98.363,0,1,79.1815
8152,1724,0,93.925,0,2,86.9625
8154,1724,0,100,0,1,80
8158,1724,0,100,0,1,80
8161,1724,0,100,0,1,80
8163,1724,0,100,0,1,80
8167,1724,0,100,0,1,80
8173,1724,0,99.499,0,1,79.7495
8174,1724,0,100,0,1,80
8176,1724,0,100,0,1,80
8186,1724,0,100,0,1,80
8189,1724,0,100,0,1,80
8190,1724,0,100,0,1,80
8192,1724,0,99.841,0,1,79.9205
8195,1724,0,99.846,0,1,79.923
8197,1724,0,100,0,1,80
8201,1724,0,100,0,1,80
8203,1724,0,99.775,0,1,79.8875
8205,1724,0,100,0,1,80
8206,1724,0,95.7865,0,2,87.89325
8207,1724,0,100,0,1,80
8208,1724,0,100,0,1,80
8209,1724,0,100,0,1,80
8212,1724,0,95.7865,0,2,87.89325
8218,1724,0,100,0,1,80
8220,1724,0,100,0,1,80
8222,1724,0,100,0,1,80
8223,1724,0,100,0,1,80
8228,1724,0,100,0,1,80
8237,1724,0,100,0,1,80
8238,1724,0,99.808,0,1,79.904
8239,1724,0,99.85,0,1,79.925
8240,1724,0,100,0,1,80
8249,1724,0,93.925,0,2,86.9625
8250,1724,0,99.694,0,1,79.847
8252,1724,0,99.767,0,2,89.8835
8253,1724,0,100,0,1,80
8255,1724,0,100,0,1,80
8258,1724,0,100,0,1,80
8261,1724,0,100,0,1,80
8267,1724,0,100,0,1,80
8275,1724,0,100,0,1,80
8276,1724,0,100,0,1,80
8279,1724,0,100,0,1,80
8281,1724,0,100,0,1,80
8284,1724,0,100,0,1,80
8285,1724,0,99.843,0,1,79.9215
8287,1724,0,100,0,1,80
8288,1724,0,100,0,1,80
8289,1724,0,100,0,1,80
8293,1724,0,98.762,0,1,79.381
8294,1724,0,100,0,1,80
8296,1724,0,100,0,1,80
8303,1724,0,100,0,1,80
8305,1724,0,100,0,1,80
8306,1724,0,99.567,0,1,79.7835
8307,1724,0,100,0,1,80
8310,1724,0,100,0,1,80
8316,1724,0,100,0,1,80
8318,1724,0,100,0,1,80
8322,1724,0,100,0,1,80
8324,1724,0,100,0,1,80
8328,1724,0,100,0,1,80
8332,1724,0,100,0,2,90
8334,1724,0,100,0,1,80
8335,1724,0,100,0,1,80
8336,1724,0,100,0,1,80
8337,1724,0,99.854,0,1,79.927
8338,1724,0,100,0,2,90
8339,1724,0,99.853,0,1,79.9265
8341,1724,0,100,0,1,80
8342,1724,0,100,0,1,80
8343,1724,0,100,0,1,80
8346,1724,0,99.7565,0,2,89.87825
8348,1724,0,100,0,1,80
8349,1724,0,100,0,1,80
8350,1724,0,100,0,1,80
8353,1724,0,100,0,1,80
8355,1724,0,100,0,1,80
8356,1724,0,100,0,1,80
8357,1724,0,100,0,1,80
8362,1724,0,100,0,1,80
8363,1724,0,100,0,1,80
8364,1724,0,100,0,1,80
8366,1724,0,100,0,1,80
8368,1724,0,100,0,1,80
8369,1724,0,100,0,1,80
8371,1724,0,99.852,0,1,79.926
8374,1724,0,100,0,1,80
8386,1724,0,100,0,1,80
8393,1724,0,100,0,1,80
8394,1724,0,95.763,0,1,77.8815
8397,1724,0,100,0,1,80
8398,1724,0,99.854,0,1,79.927
8402,1724,0,100,0,1,80
8403,1724,0,100,0,1,80
8404,1724,0,100,0,1,80
8413,1724,0,100,0,1,80
8416,1724,0,99.281,0,1,79.6405
8417,1724,0,100,0,1,80
8422,1724,0,99.824,0,1,79.912
8424,1724,0,97.333,0,3,98.6665
8426,1724,0,100,0,1,80
8432,1724,0,96.364,0,1,78.182
8433,1724,0,100,0,1,80
8460,1724,0,100,0,1,80
8464,1724,0,94.643,0,1,77.3215
8467,1724,0,100,0,2,90
8469,1724,0,100,0,1,80
8473,1724,0,100,0,1,80
8475,1724,0,100,0,1,80
8478,1724,0,98.8475,0,2,89.42375
8480,1724,0,99.851,0,1,79.9255
8481,1724,0,99.848,0,1,79.924
8483,1724,0,99.112,0,1,79.556
8484,1724,0,96.193,0,1,78.0965
8485,1724,0,100,0,1,80
8491,1724,0,100,0,1,80
8492,1724,0,97.183,0,1,78.5915
8495,1724,0,99.821,0,1,79.9105
8496,1724,0,100,0,1,80
8497,1724,0,100,0,1,80
8500,1724,0,100,0,1,80
8501,1724,0,94.708,0,2,87.354
8502,1724,0,91.7405,0,2,85.87025
8503,1724,0,99.55,0,1,79.775
8504,1724,0,99.693,0,1,79.8465
8505,1724,0,99.851,0,1,79.9255
8509,1724,0,99.725,0,1,79.8625
8511,1724,0,100,0,1,80
8513,1724,0,100,0,1,80
8516,1724,0,100,0,1,80
8517,1724,0,100,0,1,80
8519,1724,0,96.3635,0,2,88.18175
8521,1724,0,100,0,2,90
8525,1724,0,100,0,1,80
8529,1724,0,100,0,1,80
8531,1724,0,96.02,0,1,78.01
8538,1724,0,99.648,0,1,79.824
8540,1724,0,100,0,1,80
8542,1724,0,100,0,1,80
8543,1724,0,100,0,1,80
8544,1724,0,99.85,0,1,79.925
8545,1724,0,100,0,2,90
8547,1724,0,100,0,1,80
8550,1724,0,100,0,1,80
8551,1724,0,99.846,0,1,79.923
8552,1724,0,100,0,1,80
8556,1724,0,100,0,1,80
8558,1724,0,95.7865,0,2,87.89325
8559,1724,0,100,0,1,80
8561,1724,0,100,0,1,80
8562,1724,0,100,0,1,80
8564,1724,0,100,0,1,80
8569,1724,0,100,0,1,80
8572,1724,0,99.849,0,1,79.9245
8576,1724,0,100,0,1,80
8580,1724,0,100,0,1,80
8583,1724,0,100,0,1,80
8584,1724,0,100,0,1,80
8586,1724,0,100,0,1,80
8593,1724,0,100,0,1,80
8603,1724,0,99.847,0,1,79.9235
8606,1724,0,100,0,1,80
8610,1724,0,100,0,1,80
8611,1724,0,100,0,1,80
8612,1724,0,100,0,1,80
8614,1724,0,100,0,1,80
8617,1724,0,100,0,1,80
8620,1724,0,99.839,0,1,79.9195
8624,1724,0,99.849,0,1,79.9245
8630,1724,0,99.842,0,1,79.921
8632,1724,0,100,0,1,80
8633,1724,0,99.843,0,1,79.9215
8634,1724,0,100,0,1,80
8635,1724,0,99.391,0,1,79.6955
8639,1724,0,100,0,1,80
8642,1724,0,99.7495,0,2,89.87475
8643,1724,0,100,0,1,80
8644,1724,0,100,0,1,80
8648,1724,0,100,0,1,80
8650,1724,0,100,0,1,80
8651,1724,0,95.238,0,1,77.619
8657,1724,0,100,0,1,80
8659,1724,0,100,0,1,80
8660,1724,0,100,0,1,80
8661,1724,0,99.842,0,1,79.921
8662,1724,0,100,0,1,80
8665,1724,0,100,0,1,80
8672,1724,0,100,0,1,80
8676,1724,0,100,0,1,80
8677,1724,0,100,0,1,80
8680,1724,0,100,0,1,80
8683,1724,0,100,0,1,80
8693,1724,0,100,0,1,80
8694,1724,0,99.845,0,1,79.9225
8697,1724,0,100,0,1,80
8698,1724,0,100,0,1,80
8700,1724,0,99.748,0,1,79.874
8701,1724,0,100,0,1,80
8703,1724,0,100,0,1,80
8705,1724,0,100,0,1,80
8706,1724,0,100,0,1,80
8707,1724,0,100,0,1,80
8708,1724,0,99.71,0,1,79.855
8710,1724,0,100,0,3,100
8713,1724,0,100,0,1,80
8714,1724,0,100,0,1,80
8716,1724,0,99.747,0,1,79.8735
8718,1724,0,100,0,1,80
8719,1724,0,100,0,1,80
8721,1724,0,100,0,3,100
8724,1724,0,100,0,1,80
8726,1724,0,100,0,1,80
8737,1724,0,100,0,1,80
8739,1724,0,97.8835,0,2,88.94175
8745,1724,0,99.554,0,1,79.777
8750,1724,0,99.391,0,1,79.6955
8752,1724,0,100,0,1,80
8765,1724,0,99.847,0,1,79.9235
8766,1724,0,100,0,1,80
8769,1724,0,100,0,1,80
8772,1724,0,93.467,0,1,76.7335
8777,1724,0,100,0,1,80
8778,1724,0,100,0,1,80
8779,1724,0,100,0,1,80
8780,1724,0,100,0,1,80
8783,1724,0,100,0,1,80
8785,1724,0,100,0,1,80
8786,1724,0,100,0,1,80
8788,1724,0,100,0,1,80
8789,1724,0,100,0,1,80
8790,1724,0,100,0,2,90
8791,1724,0,100,0,1,80
8792,1724,0,94.909,0,2,87.4545
8794,1724,0,100,0,1,80
8795,1724,0,100,0,1,80
8796,1724,0,99.845,0,1,79.9225
8801,1724,0,100,0,1,80
8804,1724,0,100,0,1,80
8812,1724,0,97.746,0,1,78.873
8819,1724,0,100,0,1,80
8820,1724,0,100,0,1,80
8822,1724,0,100,0,1,80
8823,1724,0,99.39,0,1,79.695
8826,1724,0,100,0,1,80
8830,1724,0,100,0,1,80
8836,1724,0,100,0,1,80
8837,1724,0,99.694,0,1,79.847
8838,1724,0,100,0,1,80
8839,1724,0,100,0,1,80
8843,1724,0,100,0,1,80
8845,1724,0,93.925,0,2,86.9625
8846,1724,0,100,0,1,80
8848,1724,0,100,0,1,80
8850,1724,0,100,0,1,80
8851,1724,0,100,0,1,80
8853,1724,0,100,0,1,80
8857,1724,0,100,0,1,80
8860,1724,0,100,0,1,80
8862,1724,0,100,0,1,80
8868,1724,0,100,0,1,80
8869,1724,0,100,0,1,80
8870,1724,0,100,0,1,80
8873,1724,0,99.705,0,1,79.8525
8875,1724,0,100,0,1,80
8876,1724,0,99.846,0,1,79.923
8884,1724,0,100,0,1,80
8886,1724,0,100,0,1,80
8888,1724,0,100,0,1,80
8894,1724,0,99.85,0,1,79.925
8895,1724,0,100,0,1,80
8897,1724,0,100,0,1,80
8898,1724,0,100,0,2,90
8900,1724,0,100,0,1,80
8905,1724,0,100,0,1,80
8910,1724,0,100,0,1,80
8913,1724,0,97.8835,0,2,88.94175
8918,1724,0,100,0,1,80
8921,1724,0,99.549,0,1,79.7745
8923,1724,0,100,0,2,90
8930,1724,0,100,0,1,80
8931,1724,0,100,0,1,80
8940,1724,0,100,0,1,80
8941,1724,0,100,0,2,90
8950,1724,0,100,0,1,80
8951,1724,0,100,0,1,80
8953,1724,0,100,0,1,80
8954,1724,0,100,0,1,80
8955,1724,0,100,0,2,90
8960,1724,0,100,0,1,80
8964,1724,0,100,0,1,80
8966,1724,0,100,0,1,80
8969,1724,0,100,0,1,80
8970,1724,0,100,0,1,80
8972,1724,0,100,0,1,80
8973,1724,0,100,0,1,80
8975,1724,0,100,0,1,80
8977,1724,0,100,0,1,80
8980,1724,0,100,0,1,80
8983,1724,0,100,0,1,80
8984,1724,0,100,0,1,80
8985,1724,0,100,0,1,80
8988,1724,0,99.843,0,1,79.9215
8990,1724,0,99.757,0,1,79.8785
8991,1724,0,99.848,0,1,79.924
8995,1724,0,100,0,2,90
8999,1724,0,100,0,1,80
9001,1724,0,100,0,1,80
9002,1724,0,100,0,1,80
9004,1724,0,100,0,2,90
9005,1724,0,100,0,1,80
9012,1724,0,100,0,1,80
9014,1724,0,100,0,1,80
9017,1724,0,100,0,1,80
9019,1724,0,100,0,1,80
9021,1724,0,100,0,1,80
9026,1724,0,100,0,1,80
9028,1724,0,95.5345,0,2,87.76725
9029,1724,0,100,0,1,80
9031,1724,0,100,0,1,80
9032,1724,0,100,0,1,80
9034,1724,0,100,0,1,80
9040,1724,0,100,0,1,80
9041,1724,0,100,0,1,80
9044,1724,0,100,0,1,80
9045,1724,0,100,0,1,80
9048,1724,0,100,0,1,80
9049,1724,0,99.831,0,1,79.9155
9055,1724,0,97.778,0,1,78.889
9057,1724,0,100,0,1,80
9060,1724,0,100,0,1,80
9061,1724,0,91.9565,0,2,85.97825
9063,1724,0,100,0,1,80
9064,1724,0,100,0,1,80
9065,1724,0,100,0,1,80
9067,1724,0,99.84,0,1,79.92
9070,1724,0,100,0,1,80
9078,1724,0,100,0,1,80
9082,1724,0,100,0,1,80
9088,1724,0,100,0,1,80
9090,1724,0,100,0,1,80
9091,1724,0,100,0,1,80
9092,1724,0,100,0,1,80
9094,1724,0,98.276,0,1,79.138
9096,1724,0,100,0,1,80
9098,1724,0,100,0,1,80
9103,1724,0,100,0,1,80
9104,1724,0,100,0,1,80
9105,1724,0,100,0,1,80
9108,1724,0,100,0,1,80
9111,1724,0,100,0,1,80
9113,1724,0,99.829,0,1,79.9145
9115,1724,0,100,0,1,80
9116,1724,0,100,0,1,80
9117,1724,0,95,0,1,77.5
9118,1724,0,100,0,1,80
9120,1724,0,100,0,1,80
9121,1724,0,99.844,0,1,79.922
9128,1724,0,99.708,0,1,79.854
9133,1724,0,98.807,0,1,79.4035
9134,1724,0,99.846,0,1,79.923
9140,1724,0,100,0,1,80
9148,1724,0,100,0,1,80
9149,1724,0,99.855,0,1,79.9275
9153,1724,0,99.842,0,1,79.921
9155,1724,0,100,0,1,80
9164,1724,0,94.834,0,2,87.417
9168,1724,0,100,0,1,80
9171,1724,0,99.846,0,1,79.923
9178,1724,0,100,0,1,80
9179,1724,0,100,0,1,80
9180,1724,0,99.559,0,1,79.7795
9181,1724,0,100,0,1,80
9182,1724,0,100,0,1,80
9183,1724,0,100,0,1,80
9184,1724,0,99.845,0,1,79.9225
9192,1724,0,100,0,1,80
9194,1724,0,100,0,2,90
9196,1724,0,100,0,1,80
9198,1724,0,100,0,1,80
9201,1724,0,100,0,3,100
9204,1724,0,99.6115,0,2,89.80575
9206,1724,0,100,0,1,80
9213,1724,0,99.848,0,1,79.924
9214,1724,0,100,0,1,80
9215,1724,0,100,0,1,80
9216,1724,0,99.528,0,1,79.764
9218,1724,0,100,0,1,80
9221,1724,0,100,0,1,80
9223,1724,0,94.34,0,6,127.17
9224,1724,0,99.799,0,1,79.8995
9232,1724,0,99.759,0,2,89.8795
9234,1724,0,100,0,1,80
9235,1724,0,99.386,0,1,79.693
9241,1724,0,100,0,1,80
9245,1724,0,100,0,1,80
9246,1724,0,100,0,1,80
9248,1724,0,100,0,1,80
9249,1724,0,100,0,1,80
9258,1724,0,100,0,1,80
9266,1724,0,99.8,0,1,79.9
9267,1724,0,100,0,1,80
9272,1724,0,100,0,1,80
9274,1724,0,100,0,3,100
9278,1724,0,100,0,1,80
9279,1724,0,99.451,0,1,79.7255
9284,1724,0,100,0,1,80
9285,1724,0,100,0,1,80
9286,1724,0,100,0,1,80
9288,1724,0,100,0,1,80
9289,1724,0,100,0,1,80
9291,1724,0,100,0,1,80
9293,1724,0,99.808,0,1,79.904
9294,1724,0,100,0,1,80
9296,1724,0,100,0,1,80
9297,1724,0,90,0,2,85
9298,1724,0,100,0,1,80
9304,1724,0,100,0,1,80
9306,1724,0,99.846,0,1,79.923
9309,1724,0,99.842,0,1,79.921
9310,1724,0,99.819,0,1,79.9095
9312,1724,0,94.34,0,6,127.17
9314,1724,0,100,0,1,80
9316,1724,0,100,0,1,80
9319,1724,0,100,0,1,80
9320,1724,0,100,0,2,90
9321,1724,0,94.608,0,1,77.304
9323,1724,0,100,0,1,80
9325,1724,0,100,0,2,90
9326,1724,0,100,0,1,80
9329,1724,0,100,0,1,80
9330,1724,0,100,0,1,80
9331,1724,0,99.418,0,1,79.709
9333,1724,0,100,0,1,80
9334,1724,0,100,0,3,100
9336,1724,0,94.834,0,2,87.417
9344,1724,0,99.833,0,1,79.9165
9345,1724,0,100,0,1,80
9346,1724,0,100,0,1,80
9347,1724,0,99.708,0,1,79.854
9350,1724,0,100,0,1,80
9352,1724,0,100,0,1,80
9354,1724,0,96.809,0,1,78.4045
9355,1724,0,100,0,1,80
9358,1724,0,100,0,1,80
9359,1724,0,100,0,1,80
9364,1724,0,100,0,1,80
9376,1724,0,100,0,1,80
9377,1724,0,100,0,1,80
9378,1724,0,100,0,1,80
9383,1724,0,100,0,1,80
9389,1724,0,100,0,1,80
9390,1724,0,97.608,0,1,78.804
9393,1724,0,100,0,1,80
9394,1724,0,100,0,1,80
9398,1724,0,97.638,0,1,78.819
9399,1724,0,100,0,1,80
9406,1724,0,100,0,1,80
9413,1724,0,100,0,1,80
9414,1724,0,99.399,0,1,79.6995
9416,1724,0,99.424,0,1,79.712
9420,1724,0,100,0,1,80
9422,1724,0,100,0,1,80
9423,1724,0,100,0,1,80
9424,1724,0,99.853,0,1,79.9265
9426,1724,0,100,0,1,80
9431,1724,0,100,0,1,80
9432,1724,0,100,0,1,80
9436,1724,0,100,0,1,80
9439,1724,0,100,0,1,80
9440,1724,0,99.853,0,1,79.9265
9441,1724,0,100,0,1,80
9444,1724,0,100,0,1,80
9445,1724,0,100,0,1,80
9448,1724,0,100,0,1,80
9456,1724,0,95.215,0,1,77.6075
9457,1724,0,100,0,1,80
9463,1724,0,100,0,1,80
9467,1724,0,100,0,1,80
9468,1724,0,100,0,1,80
9471,1724,0,100,0,1,80
9472,1724,0,98.667,0,1,79.3335
9473,1724,0,100,0,1,80
9475,1724,0,97.838,0,1,78.919
9476,1724,0,97.8725,0,2,88.93625
9482,1724,0,100,0,1,80
9483,1724,0,100,0,1,80
9487,1724,0,100,0,1,80
9488,1724,0,100,0,1,80
9490,1724,0,100,0,1,80
9500,1724,0,100,0,1,80
9501,1724,0,100,0,1,80
9504,1724,0,100,0,1,80
9505,1724,0,99.407,0,1,79.7035
9507,1724,0,100,0,2,90
9513,1724,0,100,0,1,80
9514,1724,0,98.966,0,1,79.483
9516,1724,0,100,0,3,100
9520,1724,0,100,0,1,80
9523,1724,0,99.817,0,1,79.9085
9524,1724,0,98.978,0,1,79.489
9528,1724,0,100,0,1,80
9535,1724,0,100,0,1,80
9544,1724,0,100,0,1,80
9547,1724,0,99.847,0,1,79.9235
9548,1724,0,100,0,1,80
9549,1724,0,100,0,1,80
9551,1724,0,100,0,1,80
9555,1724,0,99.423,0,1,79.7115
9557,1724,0,94.886,0,1,77.443
9559,1724,0,99.566,0,1,79.783
9561,1724,0,99.65,0,1,79.825
9564,1724,0,100,0,1,80
9569,1724,0,98.78,0,1,79.39
9573,1724,0,99.333,0,1,79.6665
9578,1724,0,100,0,1,80
9579,1724,0,100,0,1,80
9582,1724,0,100,0,1,80
9584,1724,0,100,0,1,80
9587,1724,0,100,0,1,80
9588,1724,0,97.085,0,1,78.5425
9598,1724,0,100,0,1,80
9618,1724,0,100,0,1,80
9619,1724,0,100,0,1,80
9620,1724,0,100,0,1,80
9621,1724,0,100,0,1,80
9623,1724,0,100,0,3,100
9634,1724,0,100,0,1,80
9636,1724,0,100,0,1,80
9641,1724,0,100,0,1,80
9642,1724,0,100,0,1,80
9648,1724,0,100,0,1,80
9650,1724,0,100,0,1,80
9657,1724,0,100,0,1,80
9658,1724,0,99.7555,0,2,89.87775
9659,1724,0,100,0,3,100
9660,1724,0,100,0,1,80
9662,1724,0,100,0,1,80
9663,1724,0,100,0,1,80
9664,1724,0,100,0,1,80
9667,1724,0,100,0,1,80
9674,1724,0,100,0,1,80
9676,1724,0,100,0,1,80
9677,1724,0,100,0,1,80
9680,1724,0,100,0,1,80
9681,1724,0,98.765,0,1,79.3825
9682,1724,0,100,0,1,80
9685,1724,0,100,0,1,80
9686,1724,0,100,0,1,80
9688,1724,0,100,0,2,90
9695,1724,0,100,0,1,80
9698,1724,0,99.548,0,1,79.774
9700,1724,0,100,0,1,80
9701,1724,0,100,0,1,80
9707,1724,0,99.853,0,1,79.9265
9709,1724,0,100,0,2,90
9710,1724,0,100,0,2,90
9713,1724,0,100,0,1,80
9714,1724,0,100,0,1,80
9715,1724,0,100,0,1,80
9716,1724,0,100,0,1,80
9725,1724,0,100,0,1,80
9727,1724,0,99.772,0,2,89.886
9729,1724,0,100,0,1,80
9730,1724,0,100,0,1,80
9731,1724,0,99.841,0,1,79.9205
9732,1724,0,100,0,1,80
9733,1724,0,100,0,1,80
9734,1724,0,99.842,0,1,79.921
9735,1724,0,100,0,1,80
9737,1724,0,100,0,1,80
9741,1724,0,100,0,1,80
9746,1724,0,100,0,1,80
9747,1724,0,100,0,1,80
9748,1724,0,100,0,1,80
9750,1724,0,100,0,1,80
9751,1724,0,100,0,1,80
9752,1724,0,100,0,1,80
9754,1724,0,100,0,1,80
9757,1724,0,100,0,1,80
9759,1724,0,97.372,0,1,78.686
9761,1724,0,100,0,1,80
9769,1724,0,100,0,3,100
9771,1724,0,100,0,1,80
9775,1724,0,99.699,0,1,79.8495
9777,1724,0,100,0,1,80
9778,1724,0,100,0,1,80
9779,1724,0,100,0,1,80
9780,1724,0,100,0,1,80
9785,1724,0,100,0,1,80
9786,1724,0,95.7865,0,2,87.89325
9787,1724,0,100,0,1,80
9790,1724,0,100,0,1,80
9791,1724,0,100,0,1,80
9799,1724,0,95.7865,0,2,87.89325
9800,1724,0,99.818,0,1,79.909
9803,1724,0,100,0,1,80
9804,1724,0,100,0,1,80
9805,1724,0,100,0,1,80
9811,1724,0,100,0,1,80
9813,1724,0,100,0,1,80
9817,1724,0,100,0,1,80
9821,1724,0,100,0,1,80
9823,1724,0,99.794,0,1,79.897
9826,1724,0,100,0,1,80
9829,1724,0,99.798,0,1,79.899
9832,1724,0,100,0,1,80
9835,1724,0,100,0,1,80
9839,1724,0,100,0,1,80
9841,1724,0,100,0,1,80
9842,1724,0,99.82,0,1,79.91
9844,1724,0,100,0,1,80
9845,1724,0,100,0,1,80
9847,1724,0,100,0,1,80
9849,1724,0,100,0,1,80
9850,1724,0,94.915,0,1,77.4575
9851,1724,0,100,0,1,80
9859,1724,0,100,0,1,80
9860,1724,0,100,0,1,80
9861,1724,0,100,0,1,80
9863,1724,0,100,0,1,80
9865,1724,0,97.8835,0,2,88.94175
9867,1724,0,99.7645,0,2,89.88225
9872,1724,0,99.713,0,1,79.8565
9873,1724,0,100,0,1,80
9879,1724,0,99.847,0,1,79.9235
9880,1724,0,95.833,0,1,77.9165
9881,1724,0,100,0,1,80
9888,1724,0,100,0,1,80
9898,1724,0,99.556,0,1,79.778
9904,1724,0,100,0,1,80
9905,1724,0,100,0,1,80
9907,1724,0,100,0,1,80
9916,1724,0,100,0,1,80
9917,1724,0,99.042,0,1,79.521
9918,1724,0,99.633,0,1,79.8165
9923,1724,0,100,0,3,100
9927,1724,0,100,0,1,80
9928,1724,0,100,0,1,80
9934,1724,0,100,0,1,80
9937,1724,0,100,0,1,80
9941,1724,0,100,0,1,80
9943,1724,0,100,0,1,80
9944,1724,0,100,0,1,80
9948,1724,0,100,0,1,80
9951,1724,0,100,0,1,80
9956,1724,0,100,0,1,80
9959,1724,0,100,0,1,80
9961,1724,0,100,0,1,80
9962,1724,0,100,0,1,80
9963,1724,0,100,0,1,80
9966,1724,0,98.485,0,1,79.2425
9969,1724,0,99.69,0,1,79.845
9970,1724,0,100,0,1,80
9975,1724,0,100,0,1,80
9978,1724,0,100,0,1,80
9979,1724,0,100,0,2,90
9987,1724,0,95.521,0,2,87.7605
9989,1724,0,100,0,1,80
9990,1724,0,99.415,0,1,79.7075
9992,1724,0,97.222,0,1,78.611
9994,1724,0,100,0,1,80
9997,1724,0,98.63,0,1,79.315
10000,1724,0,100,0,1,80