seqno,configno,hits,distance,averagepercid,averageeval,medianpercid,medianeval,w_dist,w_eval,fitnessScore
1,1,1,6,99.055,0,99.055,0,1.166666666,10,70.69416667
1,2,3,6,99.074,0,100,0,1.166666666,10,91.16666667
1,3,3,6,99.074,0,100,0,1.166666666,10,91.16666667
1,4,1,5,99.055,0,99.055,0,1.4,10,70.9275
1,5,1,6,99.055,0,99.055,0,1.166666666,10,70.69416667
1,6,1,6,99.055,0,99.055,0,1.166666666,10,70.69416667
1,7,3,6,99.074,0,100,0,1.166666666,10,91.16666667
1,8,3,6,99.074,0,100,0,1.166666666,10,91.16666667
1,9,1,5,99.055,0,99.055,0,1.4,10,70.9275
1,10,1,6,99.055,0,99.055,0,1.166666666,10,70.69416667
1,11,1,6,99.055,0,99.055,0,1.166666666,10,70.69416667
1,12,3,6,99.074,0,100,0,1.166666666,10,91.16666667
1,13,3,6,99.074,0,100,0,1.166666666,10,91.16666667
1,14,1,5,99.055,0,99.055,0,1.4,10,70.9275
1,15,1,6,99.055,0,99.055,0,1.166666666,10,70.69416667
1,16,1,6,99.055,0,99.055,0,1.166666666,10,70.69416667
1,17,3,6,99.074,0,100,0,1.166666666,10,91.16666667
1,18,3,6,99.074,0,100,0,1.166666666,10,91.16666667
1,19,1,5,99.055,0,99.055,0,1.4,10,70.9275
1,20,1,6,99.055,0,99.055,0,1.166666666,10,70.69416667
1,21,1,5,99.055,0,99.055,0,1.4,10,70.9275
1,22,3,5,99.074,0,100,0,1.4,10,91.4
1,23,3,5,99.074,0,100,0,1.4,10,91.4
1,24,1,4,99.055,0,99.055,0,1.75,10,71.2775
1,25,1,5,99.055,0,99.055,0,1.4,10,70.9275
1,26,1,6,99.055,0,99.055,0,1.166666666,10,70.69416667
1,27,3,6,99.074,0,100,0,1.166666666,10,91.16666667
1,28,3,6,99.074,0,100,0,1.166666666,10,91.16666667
1,29,1,5,99.055,0,99.055,0,1.4,10,70.9275
1,30,1,6,99.055,0,99.055,0,1.166666666,10,70.69416667
1,31,1,6,99.055,0,99.055,0,1.166666666,10,70.69416667
1,32,3,6,99.074,0,100,0,1.166666666,10,91.16666667
1,33,3,6,99.074,0,100,0,1.166666666,10,91.16666667
1,34,1,5,99.055,0,99.055,0,1.4,10,70.9275
1,35,1,6,99.055,0,99.055,0,1.166666666,10,70.69416667
1,36,1,6,99.055,0,99.055,0,1.166666666,10,70.69416667
1,37,3,6,99.074,0,100,0,1.166666666,10,91.16666667
1,38,3,6,99.074,0,100,0,1.166666666,10,91.16666667
1,39,1,5,99.055,0,99.055,0,1.4,10,70.9275
1,40,1,6,99.055,0,99.055,0,1.166666666,10,70.69416667
1,41,1,6,99.055,0,99.055,0,1.166666666,10,70.69416667
1,42,3,6,99.074,0,100,0,1.166666666,10,91.16666667
1,43,3,6,99.074,0,100,0,1.166666666,10,91.16666667
1,44,1,5,99.055,0,99.055,0,1.4,10,70.9275
1,45,1,6,99.055,0,99.055,0,1.166666666,10,70.69416667
1,46,1,5,99.055,0,99.055,0,1.4,10,70.9275
1,47,3,5,99.074,0,100,0,1.4,10,91.4
1,48,3,5,99.074,0,100,0,1.4,10,91.4
1,49,1,4,99.055,0,99.055,0,1.75,10,71.2775
1,50,1,5,99.055,0,99.055,0,1.4,10,70.9275
1,51,1,6,99.055,0,99.055,0,1.166666666,10,70.69416667
1,52,3,6,99.074,0,100,0,1.166666666,10,91.16666667
1,53,3,6,99.074,0,100,0,1.166666666,10,91.16666667
1,54,1,5,99.055,0,99.055,0,1.4,10,70.9275
1,55,1,6,99.055,0,99.055,0,1.166666666,10,70.69416667
1,56,1,6,99.055,0,99.055,0,1.166666666,10,70.69416667
1,57,3,6,99.074,0,100,0,1.166666666,10,91.16666667
1,58,3,6,99.074,0,100,0,1.166666666,10,91.16666667
1,59,1,5,99.055,0,99.055,0,1.4,10,70.9275
1,60,1,6,99.055,0,99.055,0,1.166666666,10,70.69416667
1,61,1,6,99.055,0,99.055,0,1.166666666,10,70.69416667
1,62,3,6,99.074,0,100,0,1.166666666,10,91.16666667
1,63,3,6,99.074,0,100,0,1.166666666,10,91.16666667
1,64,1,5,99.055,0,99.055,0,1.4,10,70.9275
1,65,1,6,99.055,0,99.055,0,1.166666666,10,70.69416667
1,66,1,6,99.055,0,99.055,0,1.166666666,10,70.69416667
1,67,3,6,99.074,0,100,0,1.166666666,10,91.16666667
1,68,3,6,99.074,0,100,0,1.166666666,10,91.16666667
1,69,1,5,99.055,0,99.055,0,1.4,10,70.9275
1,70,1,6,99.055,0,99.055,0,1.166666666,10,70.69416667
1,71,1,5,99.055,0,99.055,0,1.4,10,70.9275
1,72,3,5,99.074,0,100,0,1.4,10,91.4
1,73,3,5,99.074,0,100,0,1.4,10,91.4
1,74,1,4,99.055,0,99.055,0,1.75,10,71.2775
1,75,1,5,99.055,0,99.055,0,1.4,10,70.9275
1,76,1,5,99.055,0,99.055,0,1.4,10,70.9275
1,77,3,5,99.074,0,100,0,1.4,10,91.4
1,78,3,5,99.074,0,100,0,1.4,10,91.4
1,79,1,4,99.055,0,99.055,0,1.75,10,71.2775
1,80,1,5,99.055,0,99.055,0,1.4,10,70.9275
1,81,1,5,99.055,0,99.055,0,1.4,10,70.9275
1,82,3,5,99.074,0,100,0,1.4,10,91.4
1,83,3,5,99.074,0,100,0,1.4,10,91.4
1,84,1,4,99.055,0,99.055,0,1.75,10,71.2775
1,85,1,5,99.055,0,99.055,0,1.4,10,70.9275
1,86,1,5,99.055,0,99.055,0,1.4,10,70.9275
1,87,3,5,99.074,0,100,0,1.4,10,91.4
1,88,3,5,99.074,0,100,0,1.4,10,91.4
1,89,1,4,99.055,0,99.055,0,1.75,10,71.2775
1,90,1,5,99.055,0,99.055,0,1.4,10,70.9275
1,91,1,5,99.055,0,99.055,0,1.4,10,70.9275
1,92,3,5,99.074,0,100,0,1.4,10,91.4
1,93,3,5,99.074,0,100,0,1.4,10,91.4
1,94,1,4,99.055,0,99.055,0,1.75,10,71.2775
1,95,1,5,99.055,0,99.055,0,1.4,10,70.9275
1,96,1,4,99.055,0,99.055,0,1.75,10,71.2775
1,97,3,4,99.074,0,100,0,1.75,10,91.75
1,98,3,4,99.074,0,100,0,1.75,10,91.75
1,99,1,3,99.055,0,99.055,0,2.333333333,10,71.86083333
1,100,1,4,99.055,0,99.055,0,1.75,10,71.2775
2,1,1,6,100,0,100,0,1.166666666,10,71.16666667
2,2,1,6,100,0,100,0,1.166666666,10,71.16666667
2,3,1,6,100,0,100,0,1.166666666,10,71.16666667
2,4,1,5,100,0,100,0,1.4,10,71.4
2,5,1,6,100,0,100,0,1.166666666,10,71.16666667
2,6,1,6,100,0,100,0,1.166666666,10,71.16666667
2,7,1,6,100,0,100,0,1.166666666,10,71.16666667
2,8,1,6,100,0,100,0,1.166666666,10,71.16666667
2,9,1,5,100,0,100,0,1.4,10,71.4
2,10,1,6,100,0,100,0,1.166666666,10,71.16666667
2,11,1,6,100,0,100,0,1.166666666,10,71.16666667
2,12,1,6,100,0,100,0,1.166666666,10,71.16666667
2,13,1,6,100,0,100,0,1.166666666,10,71.16666667
2,14,1,5,100,0,100,0,1.4,10,71.4
2,15,1,6,100,0,100,0,1.166666666,10,71.16666667
2,16,1,6,100,0,100,0,1.166666666,10,71.16666667
2,17,1,6,100,0,100,0,1.166666666,10,71.16666667
2,18,1,6,100,0,100,0,1.166666666,10,71.16666667
2,19,1,5,100,0,100,0,1.4,10,71.4
2,20,1,6,100,0,100,0,1.166666666,10,71.16666667
2,21,1,5,100,0,100,0,1.4,10,71.4
2,22,1,5,100,0,100,0,1.4,10,71.4
2,23,1,5,100,0,100,0,1.4,10,71.4
2,24,1,4,100,0,100,0,1.75,10,71.75
2,25,1,5,100,0,100,0,1.4,10,71.4
2,26,1,6,100,0,100,0,1.166666666,10,71.16666667
2,27,1,6,100,0,100,0,1.166666666,10,71.16666667
2,28,1,6,100,0,100,0,1.166666666,10,71.16666667
2,29,1,5,100,0,100,0,1.4,10,71.4
2,30,1,6,100,0,100,0,1.166666666,10,71.16666667
2,31,1,6,100,0,100,0,1.166666666,10,71.16666667
2,32,1,6,100,0,100,0,1.166666666,10,71.16666667
2,33,1,6,100,0,100,0,1.166666666,10,71.16666667
2,34,1,5,100,0,100,0,1.4,10,71.4
2,35,1,6,100,0,100,0,1.166666666,10,71.16666667
2,36,1,6,100,0,100,0,1.166666666,10,71.16666667
2,37,1,6,100,0,100,0,1.166666666,10,71.16666667
2,38,1,6,100,0,100,0,1.166666666,10,71.16666667
2,39,1,5,100,0,100,0,1.4,10,71.4
2,40,1,6,100,0,100,0,1.166666666,10,71.16666667
2,41,1,6,100,0,100,0,1.166666666,10,71.16666667
2,42,1,6,100,0,100,0,1.166666666,10,71.16666667
2,43,1,6,100,0,100,0,1.166666666,10,71.16666667
2,44,1,5,100,0,100,0,1.4,10,71.4
2,45,1,6,100,0,100,0,1.166666666,10,71.16666667
2,46,1,5,100,0,100,0,1.4,10,71.4
2,47,1,5,100,0,100,0,1.4,10,71.4
2,48,1,5,100,0,100,0,1.4,10,71.4
2,49,1,4,100,0,100,0,1.75,10,71.75
2,50,1,5,100,0,100,0,1.4,10,71.4
2,51,1,6,100,0,100,0,1.166666666,10,71.16666667
2,52,1,6,100,0,100,0,1.166666666,10,71.16666667
2,53,1,6,100,0,100,0,1.166666666,10,71.16666667
2,54,1,5,100,0,100,0,1.4,10,71.4
2,55,1,6,100,0,100,0,1.166666666,10,71.16666667
2,56,1,6,100,0,100,0,1.166666666,10,71.16666667
2,57,1,6,100,0,100,0,1.166666666,10,71.16666667
2,58,1,6,100,0,100,0,1.166666666,10,71.16666667
2,59,1,5,100,0,100,0,1.4,10,71.4
2,60,1,6,100,0,100,0,1.166666666,10,71.16666667
2,61,1,6,100,0,100,0,1.166666666,10,71.16666667
2,62,1,6,100,0,100,0,1.166666666,10,71.16666667
2,63,1,6,100,0,100,0,1.166666666,10,71.16666667
2,64,1,5,100,0,100,0,1.4,10,71.4
2,65,1,6,100,0,100,0,1.166666666,10,71.16666667
2,66,1,6,100,0,100,0,1.166666666,10,71.16666667
2,67,1,6,100,0,100,0,1.166666666,10,71.16666667
2,68,1,6,100,0,100,0,1.166666666,10,71.16666667
2,69,1,5,100,0,100,0,1.4,10,71.4
2,70,1,6,100,0,100,0,1.166666666,10,71.16666667
2,71,1,5,100,0,100,0,1.4,10,71.4
2,72,1,5,100,0,100,0,1.4,10,71.4
2,73,1,5,100,0,100,0,1.4,10,71.4
2,74,1,4,100,0,100,0,1.75,10,71.75
2,75,1,5,100,0,100,0,1.4,10,71.4
2,76,1,5,100,0,100,0,1.4,10,71.4
2,77,1,5,100,0,100,0,1.4,10,71.4
2,78,1,5,100,0,100,0,1.4,10,71.4
2,79,1,4,100,0,100,0,1.75,10,71.75
2,80,1,5,100,0,100,0,1.4,10,71.4
2,81,1,5,100,0,100,0,1.4,10,71.4
2,82,1,5,100,0,100,0,1.4,10,71.4
2,83,1,5,100,0,100,0,1.4,10,71.4
2,84,1,4,100,0,100,0,1.75,10,71.75
2,85,1,5,100,0,100,0,1.4,10,71.4
2,86,1,5,100,0,100,0,1.4,10,71.4
2,87,1,5,100,0,100,0,1.4,10,71.4
2,88,1,5,100,0,100,0,1.4,10,71.4
2,89,1,4,100,0,100,0,1.75,10,71.75
2,90,1,5,100,0,100,0,1.4,10,71.4
2,91,1,5,100,0,100,0,1.4,10,71.4
2,92,1,5,100,0,100,0,1.4,10,71.4
2,93,1,5,100,0,100,0,1.4,10,71.4
2,94,1,4,100,0,100,0,1.75,10,71.75
2,95,1,5,100,0,100,0,1.4,10,71.4
2,96,1,4,100,0,100,0,1.75,10,71.75
2,97,1,4,100,0,100,0,1.75,10,71.75
2,98,1,4,100,0,100,0,1.75,10,71.75
2,99,1,3,100,0,100,0,2.333333333,10,72.33333333
2,100,1,4,100,0,100,0,1.75,10,71.75
3,1,1,6,100,0,100,0,1.166666666,10,71.16666667
3,2,1,6,100,0,100,0,1.166666666,10,71.16666667
3,3,1,6,100,0,100,0,1.166666666,10,71.16666667
3,4,1,5,100,0,100,0,1.4,10,71.4
3,5,1,6,100,0,100,0,1.166666666,10,71.16666667
3,6,1,6,100,0,100,0,1.166666666,10,71.16666667
3,7,1,6,100,0,100,0,1.166666666,10,71.16666667
3,8,1,6,100,0,100,0,1.166666666,10,71.16666667
3,9,1,5,100,0,100,0,1.4,10,71.4
3,10,1,6,100,0,100,0,1.166666666,10,71.16666667
3,11,1,6,100,0,100,0,1.166666666,10,71.16666667
3,12,1,6,100,0,100,0,1.166666666,10,71.16666667
3,13,1,6,100,0,100,0,1.166666666,10,71.16666667
3,14,1,5,100,0,100,0,1.4,10,71.4
3,15,1,6,100,0,100,0,1.166666666,10,71.16666667
3,16,1,6,100,0,100,0,1.166666666,10,71.16666667
3,17,1,6,100,0,100,0,1.166666666,10,71.16666667
3,18,1,6,100,0,100,0,1.166666666,10,71.16666667
3,19,1,5,100,0,100,0,1.4,10,71.4
3,20,1,6,100,0,100,0,1.166666666,10,71.16666667
3,21,1,5,100,0,100,0,1.4,10,71.4
3,22,1,5,100,0,100,0,1.4,10,71.4
3,23,1,5,100,0,100,0,1.4,10,71.4
3,24,1,4,100,0,100,0,1.75,10,71.75
3,25,1,5,100,0,100,0,1.4,10,71.4
3,26,1,6,100,0,100,0,1.166666666,10,71.16666667
3,27,1,6,100,0,100,0,1.166666666,10,71.16666667
3,28,1,6,100,0,100,0,1.166666666,10,71.16666667
3,29,1,5,100,0,100,0,1.4,10,71.4
3,30,1,6,100,0,100,0,1.166666666,10,71.16666667
3,31,1,6,100,0,100,0,1.166666666,10,71.16666667
3,32,1,6,100,0,100,0,1.166666666,10,71.16666667
3,33,1,6,100,0,100,0,1.166666666,10,71.16666667
3,34,1,5,100,0,100,0,1.4,10,71.4
3,35,1,6,100,0,100,0,1.166666666,10,71.16666667
3,36,1,6,100,0,100,0,1.166666666,10,71.16666667
3,37,1,6,100,0,100,0,1.166666666,10,71.16666667
3,38,1,6,100,0,100,0,1.166666666,10,71.16666667
3,39,1,5,100,0,100,0,1.4,10,71.4
3,40,1,6,100,0,100,0,1.166666666,10,71.16666667
3,41,1,6,100,0,100,0,1.166666666,10,71.16666667
3,42,1,6,100,0,100,0,1.166666666,10,71.16666667
3,43,1,6,100,0,100,0,1.166666666,10,71.16666667
3,44,1,5,100,0,100,0,1.4,10,71.4
3,45,1,6,100,0,100,0,1.166666666,10,71.16666667
3,46,1,5,100,0,100,0,1.4,10,71.4
3,47,1,5,100,0,100,0,1.4,10,71.4
3,48,1,5,100,0,100,0,1.4,10,71.4
3,49,1,4,100,0,100,0,1.75,10,71.75
3,50,1,5,100,0,100,0,1.4,10,71.4
3,51,1,6,100,0,100,0,1.166666666,10,71.16666667
3,52,1,6,100,0,100,0,1.166666666,10,71.16666667
3,53,1,6,100,0,100,0,1.166666666,10,71.16666667
3,54,1,5,100,0,100,0,1.4,10,71.4
3,55,1,6,100,0,100,0,1.166666666,10,71.16666667
3,56,1,6,100,0,100,0,1.166666666,10,71.16666667
3,57,1,6,100,0,100,0,1.166666666,10,71.16666667
3,58,1,6,100,0,100,0,1.166666666,10,71.16666667
3,59,1,5,100,0,100,0,1.4,10,71.4
3,60,1,6,100,0,100,0,1.166666666,10,71.16666667
3,61,1,6,100,0,100,0,1.166666666,10,71.16666667
3,62,1,6,100,0,100,0,1.166666666,10,71.16666667
3,63,1,6,100,0,100,0,1.166666666,10,71.16666667
3,64,1,5,100,0,100,0,1.4,10,71.4
3,65,1,6,100,0,100,0,1.166666666,10,71.16666667
3,66,1,6,100,0,100,0,1.166666666,10,71.16666667
3,67,1,6,100,0,100,0,1.166666666,10,71.16666667
3,68,1,6,100,0,100,0,1.166666666,10,71.16666667
3,69,1,5,100,0,100,0,1.4,10,71.4
3,70,1,6,100,0,100,0,1.166666666,10,71.16666667
3,71,1,5,100,0,100,0,1.4,10,71.4
3,72,1,5,100,0,100,0,1.4,10,71.4
3,73,1,5,100,0,100,0,1.4,10,71.4
3,74,1,4,100,0,100,0,1.75,10,71.75
3,75,1,5,100,0,100,0,1.4,10,71.4
3,76,1,5,100,0,100,0,1.4,10,71.4
3,77,1,5,100,0,100,0,1.4,10,71.4
3,78,1,5,100,0,100,0,1.4,10,71.4
3,79,1,4,100,0,100,0,1.75,10,71.75
3,80,1,5,100,0,100,0,1.4,10,71.4
3,81,1,5,100,0,100,0,1.4,10,71.4
3,82,1,5,100,0,100,0,1.4,10,71.4
3,83,1,5,100,0,100,0,1.4,10,71.4
3,84,1,4,100,0,100,0,1.75,10,71.75
3,85,1,5,100,0,100,0,1.4,10,71.4
3,86,1,5,100,0,100,0,1.4,10,71.4
3,87,1,5,100,0,100,0,1.4,10,71.4
3,88,1,5,100,0,100,0,1.4,10,71.4
3,89,1,4,100,0,100,0,1.75,10,71.75
3,90,1,5,100,0,100,0,1.4,10,71.4
3,91,1,5,100,0,100,0,1.4,10,71.4
3,92,1,5,100,0,100,0,1.4,10,71.4
3,93,1,5,100,0,100,0,1.4,10,71.4
3,94,1,4,100,0,100,0,1.75,10,71.75
3,95,1,5,100,0,100,0,1.4,10,71.4
3,96,1,4,100,0,100,0,1.75,10,71.75
3,97,1,4,100,0,100,0,1.75,10,71.75
3,98,1,4,100,0,100,0,1.75,10,71.75
3,99,1,3,100,0,100,0,2.333333333,10,72.33333333
3,100,1,4,100,0,100,0,1.75,10,71.75
4,1,3,6,98.634,0,95.902,0,1.166666666,10,89.11766667
4,2,3,6,98.87633333,0,100,0,1.166666666,10,91.16666667
4,3,3,6,98.87633333,0,100,0,1.166666666,10,91.16666667
4,4,3,5,98.634,0,95.902,0,1.4,10,89.351
4,5,3,6,98.634,0,95.902,0,1.166666666,10,89.11766667
4,6,3,6,98.634,0,95.902,0,1.166666666,10,89.11766667
4,7,3,6,98.87633333,0,100,0,1.166666666,10,91.16666667
4,8,3,6,98.87633333,0,100,0,1.166666666,10,91.16666667
4,9,3,5,98.634,0,95.902,0,1.4,10,89.351
4,10,3,6,98.634,0,95.902,0,1.166666666,10,89.11766667
4,11,3,6,98.634,0,95.902,0,1.166666666,10,89.11766667
4,12,3,6,98.87633333,0,100,0,1.166666666,10,91.16666667
4,13,3,6,98.87633333,0,100,0,1.166666666,10,91.16666667
4,14,3,5,98.634,0,95.902,0,1.4,10,89.351
4,15,3,6,98.634,0,95.902,0,1.166666666,10,89.11766667
4,16,3,6,98.634,0,95.902,0,1.166666666,10,89.11766667
4,17,3,6,98.87633333,0,100,0,1.166666666,10,91.16666667
4,18,3,6,98.87633333,0,100,0,1.166666666,10,91.16666667
4,19,3,5,98.634,0,95.902,0,1.4,10,89.351
4,20,3,6,98.634,0,95.902,0,1.166666666,10,89.11766667
4,21,3,5,98.634,0,95.902,0,1.4,10,89.351
4,22,3,5,98.87633333,0,100,0,1.4,10,91.4
4,23,3,5,98.87633333,0,100,0,1.4,10,91.4
4,24,3,4,98.634,0,95.902,0,1.75,10,89.701
4,25,3,5,98.634,0,95.902,0,1.4,10,89.351
4,26,3,6,98.634,0,95.902,0,1.166666666,10,89.11766667
4,27,3,6,98.87633333,0,100,0,1.166666666,10,91.16666667
4,28,3,6,98.87633333,0,100,0,1.166666666,10,91.16666667
4,29,3,5,98.634,0,95.902,0,1.4,10,89.351
4,30,3,6,98.634,0,95.902,0,1.166666666,10,89.11766667
4,31,3,6,98.634,0,95.902,0,1.166666666,10,89.11766667
4,32,3,6,98.87633333,0,100,0,1.166666666,10,91.16666667
4,33,3,6,98.87633333,0,100,0,1.166666666,10,91.16666667
4,34,3,5,98.634,0,95.902,0,1.4,10,89.351
4,35,3,6,98.634,0,95.902,0,1.166666666,10,89.11766667
4,36,3,6,98.634,0,95.902,0,1.166666666,10,89.11766667
4,37,3,6,98.87633333,0,100,0,1.166666666,10,91.16666667
4,38,3,6,98.87633333,0,100,0,1.166666666,10,91.16666667
4,39,3,5,98.634,0,95.902,0,1.4,10,89.351
4,40,3,6,98.634,0,95.902,0,1.166666666,10,89.11766667
4,41,3,6,98.634,0,95.902,0,1.166666666,10,89.11766667
4,42,3,6,98.87633333,0,100,0,1.166666666,10,91.16666667
4,43,3,6,98.87633333,0,100,0,1.166666666,10,91.16666667
4,44,3,5,98.634,0,95.902,0,1.4,10,89.351
4,45,3,6,98.634,0,95.902,0,1.166666666,10,89.11766667
4,46,3,5,98.634,0,95.902,0,1.4,10,89.351
4,47,3,5,98.87633333,0,100,0,1.4,10,91.4
4,48,3,5,98.87633333,0,100,0,1.4,10,91.4
4,49,3,4,98.634,0,95.902,0,1.75,10,89.701
4,50,3,5,98.634,0,95.902,0,1.4,10,89.351
4,51,3,6,98.634,0,95.902,0,1.166666666,10,89.11766667
4,52,3,6,98.87633333,0,100,0,1.166666666,10,91.16666667
4,53,3,6,98.87633333,0,100,0,1.166666666,10,91.16666667
4,54,3,5,98.634,0,95.902,0,1.4,10,89.351
4,55,3,6,98.634,0,95.902,0,1.166666666,10,89.11766667
4,56,3,6,98.634,0,95.902,0,1.166666666,10,89.11766667
4,57,3,6,98.87633333,0,100,0,1.166666666,10,91.16666667
4,58,3,6,98.87633333,0,100,0,1.166666666,10,91.16666667
4,59,3,5,98.634,0,95.902,0,1.4,10,89.351
4,60,3,6,98.634,0,95.902,0,1.166666666,10,89.11766667
4,61,3,6,98.634,0,95.902,0,1.166666666,10,89.11766667
4,62,3,6,98.87633333,0,100,0,1.166666666,10,91.16666667
4,63,3,6,98.87633333,0,100,0,1.166666666,10,91.16666667
4,64,3,5,98.634,0,95.902,0,1.4,10,89.351
4,65,3,6,98.634,0,95.902,0,1.166666666,10,89.11766667
4,66,3,6,98.634,0,95.902,0,1.166666666,10,89.11766667
4,67,3,6,98.87633333,0,100,0,1.166666666,10,91.16666667
4,68,3,6,98.87633333,0,100,0,1.166666666,10,91.16666667
4,69,3,5,98.634,0,95.902,0,1.4,10,89.351
4,70,3,6,98.634,0,95.902,0,1.166666666,10,89.11766667
4,71,3,5,98.634,0,95.902,0,1.4,10,89.351
4,72,3,5,98.87633333,0,100,0,1.4,10,91.4
4,73,3,5,98.87633333,0,100,0,1.4,10,91.4
4,74,3,4,98.634,0,95.902,0,1.75,10,89.701
4,75,3,5,98.634,0,95.902,0,1.4,10,89.351
4,76,3,5,98.634,0,95.902,0,1.4,10,89.351
4,77,3,5,98.87633333,0,100,0,1.4,10,91.4
4,78,3,5,98.87633333,0,100,0,1.4,10,91.4
4,79,3,4,98.634,0,95.902,0,1.75,10,89.701
4,80,3,5,98.634,0,95.902,0,1.4,10,89.351
4,81,3,5,98.634,0,95.902,0,1.4,10,89.351
4,82,3,5,98.87633333,0,100,0,1.4,10,91.4
4,83,3,5,98.87633333,0,100,0,1.4,10,91.4
4,84,3,4,98.634,0,95.902,0,1.75,10,89.701
4,85,3,5,98.634,0,95.902,0,1.4,10,89.351
4,86,3,5,98.634,0,95.902,0,1.4,10,89.351
4,87,3,5,98.87633333,0,100,0,1.4,10,91.4
4,88,3,5,98.87633333,0,100,0,1.4,10,91.4
4,89,3,4,98.634,0,95.902,0,1.75,10,89.701
4,90,3,5,98.634,0,95.902,0,1.4,10,89.351
4,91,3,5,98.634,0,95.902,0,1.4,10,89.351
4,92,3,5,98.87633333,0,100,0,1.4,10,91.4
4,93,3,5,98.87633333,0,100,0,1.4,10,91.4
4,94,3,4,98.634,0,95.902,0,1.75,10,89.701
4,95,3,5,98.634,0,95.902,0,1.4,10,89.351
4,96,3,4,98.634,0,95.902,0,1.75,10,89.701
4,97,3,4,98.87633333,0,100,0,1.75,10,91.75
4,98,3,4,98.87633333,0,100,0,1.75,10,91.75
4,99,3,3,98.634,0,95.902,0,2.333333333,10,90.28433333
4,100,3,4,98.634,0,95.902,0,1.75,10,89.701
5,1,2,6,95.9515,0,95.9515,0,1.166666666,10,79.14241667
5,2,3,6,100,0,100,0,1.166666666,10,91.16666667
5,3,3,6,100,0,100,0,1.166666666,10,91.16666667
5,4,2,5,95.9515,0,95.9515,0,1.4,10,79.37575
5,5,2,6,95.9515,0,95.9515,0,1.166666666,10,79.14241667
5,6,2,6,95.9515,0,95.9515,0,1.166666666,10,79.14241667
5,7,3,6,100,0,100,0,1.166666666,10,91.16666667
5,8,3,6,100,0,100,0,1.166666666,10,91.16666667
5,9,2,5,95.9515,0,95.9515,0,1.4,10,79.37575
5,10,2,6,95.9515,0,95.9515,0,1.166666666,10,79.14241667
5,11,2,6,95.9515,0,95.9515,0,1.166666666,10,79.14241667
5,12,3,6,100,0,100,0,1.166666666,10,91.16666667
5,13,3,6,100,0,100,0,1.166666666,10,91.16666667
5,14,2,5,95.9515,0,95.9515,0,1.4,10,79.37575
5,15,2,6,95.9515,0,95.9515,0,1.166666666,10,79.14241667
5,16,2,6,95.9515,0,95.9515,0,1.166666666,10,79.14241667
5,17,3,6,100,0,100,0,1.166666666,10,91.16666667
5,18,3,6,100,0,100,0,1.166666666,10,91.16666667
5,19,2,5,95.9515,0,95.9515,0,1.4,10,79.37575
5,20,2,6,95.9515,0,95.9515,0,1.166666666,10,79.14241667
5,21,2,5,95.9515,0,95.9515,0,1.4,10,79.37575
5,22,3,5,100,0,100,0,1.4,10,91.4
5,23,3,5,100,0,100,0,1.4,10,91.4
5,24,2,4,95.9515,0,95.9515,0,1.75,10,79.72575
5,25,2,5,95.9515,0,95.9515,0,1.4,10,79.37575
5,26,2,6,95.9515,0,95.9515,0,1.166666666,10,79.14241667
5,27,3,6,100,0,100,0,1.166666666,10,91.16666667
5,28,3,6,100,0,100,0,1.166666666,10,91.16666667
5,29,2,5,95.9515,0,95.9515,0,1.4,10,79.37575
5,30,2,6,95.9515,0,95.9515,0,1.166666666,10,79.14241667
5,31,2,6,95.9515,0,95.9515,0,1.166666666,10,79.14241667
5,32,3,6,100,0,100,0,1.166666666,10,91.16666667
5,33,3,6,100,0,100,0,1.166666666,10,91.16666667
5,34,2,5,95.9515,0,95.9515,0,1.4,10,79.37575
5,35,2,6,95.9515,0,95.9515,0,1.166666666,10,79.14241667
5,36,2,6,95.9515,0,95.9515,0,1.166666666,10,79.14241667
5,37,3,6,100,0,100,0,1.166666666,10,91.16666667
5,38,3,6,100,0,100,0,1.166666666,10,91.16666667
5,39,2,5,95.9515,0,95.9515,0,1.4,10,79.37575
5,40,2,6,95.9515,0,95.9515,0,1.166666666,10,79.14241667
5,41,2,6,95.9515,0,95.9515,0,1.166666666,10,79.14241667
5,42,3,6,100,0,100,0,1.166666666,10,91.16666667
5,43,3,6,100,0,100,0,1.166666666,10,91.16666667
5,44,2,5,95.9515,0,95.9515,0,1.4,10,79.37575
5,45,2,6,95.9515,0,95.9515,0,1.166666666,10,79.14241667
5,46,2,5,95.9515,0,95.9515,0,1.4,10,79.37575
5,47,3,5,100,0,100,0,1.4,10,91.4
5,48,3,5,100,0,100,0,1.4,10,91.4
5,49,2,4,95.9515,0,95.9515,0,1.75,10,79.72575
5,50,2,5,95.9515,0,95.9515,0,1.4,10,79.37575
5,51,2,6,95.9515,0,95.9515,0,1.166666666,10,79.14241667
5,52,3,6,100,0,100,0,1.166666666,10,91.16666667
5,53,3,6,100,0,100,0,1.166666666,10,91.16666667
5,54,2,5,95.9515,0,95.9515,0,1.4,10,79.37575
5,55,2,6,95.9515,0,95.9515,0,1.166666666,10,79.14241667
5,56,2,6,95.9515,0,95.9515,0,1.166666666,10,79.14241667
5,57,3,6,100,0,100,0,1.166666666,10,91.16666667
5,58,3,6,100,0,100,0,1.166666666,10,91.16666667
5,59,2,5,95.9515,0,95.9515,0,1.4,10,79.37575
5,60,2,6,95.9515,0,95.9515,0,1.166666666,10,79.14241667
5,61,2,6,95.9515,0,95.9515,0,1.166666666,10,79.14241667
5,62,3,6,100,0,100,0,1.166666666,10,91.16666667
5,63,3,6,100,0,100,0,1.166666666,10,91.16666667
5,64,2,5,95.9515,0,95.9515,0,1.4,10,79.37575
5,65,2,6,95.9515,0,95.9515,0,1.166666666,10,79.14241667
5,66,2,6,95.9515,0,95.9515,0,1.166666666,10,79.14241667
5,67,3,6,100,0,100,0,1.166666666,10,91.16666667
5,68,3,6,100,0,100,0,1.166666666,10,91.16666667
5,69,2,5,95.9515,0,95.9515,0,1.4,10,79.37575
5,70,2,6,95.9515,0,95.9515,0,1.166666666,10,79.14241667
5,71,2,5,95.9515,0,95.9515,0,1.4,10,79.37575
5,72,3,5,100,0,100,0,1.4,10,91.4
5,73,3,5,100,0,100,0,1.4,10,91.4
5,74,2,4,95.9515,0,95.9515,0,1.75,10,79.72575
5,75,2,5,95.9515,0,95.9515,0,1.4,10,79.37575
5,76,2,5,95.9515,0,95.9515,0,1.4,10,79.37575
5,77,3,5,100,0,100,0,1.4,10,91.4
5,78,3,5,100,0,100,0,1.4,10,91.4
5,79,2,4,95.9515,0,95.9515,0,1.75,10,79.72575
5,80,2,5,95.9515,0,95.9515,0,1.4,10,79.37575
5,81,2,5,95.9515,0,95.9515,0,1.4,10,79.37575
5,82,3,5,100,0,100,0,1.4,10,91.4
5,83,3,5,100,0,100,0,1.4,10,91.4
5,84,2,4,95.9515,0,95.9515,0,1.75,10,79.72575
5,85,2,5,95.9515,0,95.9515,0,1.4,10,79.37575
5,86,2,5,95.9515,0,95.9515,0,1.4,10,79.37575
5,87,3,5,100,0,100,0,1.4,10,91.4
5,88,3,5,100,0,100,0,1.4,10,91.4
5,89,2,4,95.9515,0,95.9515,0,1.75,10,79.72575
5,90,2,5,95.9515,0,95.9515,0,1.4,10,79.37575
5,91,2,5,95.9515,0,95.9515,0,1.4,10,79.37575
5,92,3,5,100,0,100,0,1.4,10,91.4
5,93,3,5,100,0,100,0,1.4,10,91.4
5,94,2,4,95.9515,0,95.9515,0,1.75,10,79.72575
5,95,2,5,95.9515,0,95.9515,0,1.4,10,79.37575
5,96,2,4,95.9515,0,95.9515,0,1.75,10,79.72575
5,97,3,4,100,0,100,0,1.75,10,91.75
5,98,3,4,100,0,100,0,1.75,10,91.75
5,99,2,3,95.9515,0,95.9515,0,2.333333333,10,80.30908333
5,100,2,4,95.9515,0,95.9515,0,1.75,10,79.72575
6,1,1,6,100,0,100,0,1.166666666,10,71.16666667
6,2,1,6,100,0,100,0,1.166666666,10,71.16666667
6,3,1,6,100,0,100,0,1.166666666,10,71.16666667
6,4,1,5,100,0,100,0,1.4,10,71.4
6,5,1,6,100,0,100,0,1.166666666,10,71.16666667
6,6,1,6,100,0,100,0,1.166666666,10,71.16666667
6,7,1,6,100,0,100,0,1.166666666,10,71.16666667
6,8,1,6,100,0,100,0,1.166666666,10,71.16666667
6,9,1,5,100,0,100,0,1.4,10,71.4
6,10,1,6,100,0,100,0,1.166666666,10,71.16666667
6,11,1,6,100,0,100,0,1.166666666,10,71.16666667
6,12,1,6,100,0,100,0,1.166666666,10,71.16666667
6,13,1,6,100,0,100,0,1.166666666,10,71.16666667
6,14,1,5,100,0,100,0,1.4,10,71.4
6,15,1,6,100,0,100,0,1.166666666,10,71.16666667
6,16,1,6,100,0,100,0,1.166666666,10,71.16666667
6,17,1,6,100,0,100,0,1.166666666,10,71.16666667
6,18,1,6,100,0,100,0,1.166666666,10,71.16666667
6,19,1,5,100,0,100,0,1.4,10,71.4
6,20,1,6,100,0,100,0,1.166666666,10,71.16666667
6,21,1,5,100,0,100,0,1.4,10,71.4
6,22,1,5,100,0,100,0,1.4,10,71.4
6,23,1,5,100,0,100,0,1.4,10,71.4
6,24,1,4,100,0,100,0,1.75,10,71.75
6,25,1,5,100,0,100,0,1.4,10,71.4
6,26,1,6,100,0,100,0,1.166666666,10,71.16666667
6,27,1,6,100,0,100,0,1.166666666,10,71.16666667
6,28,1,6,100,0,100,0,1.166666666,10,71.16666667
6,29,1,5,100,0,100,0,1.4,10,71.4
6,30,1,6,100,0,100,0,1.166666666,10,71.16666667
6,31,1,6,100,0,100,0,1.166666666,10,71.16666667
6,32,1,6,100,0,100,0,1.166666666,10,71.16666667
6,33,1,6,100,0,100,0,1.166666666,10,71.16666667
6,34,1,5,100,0,100,0,1.4,10,71.4
6,35,1,6,100,0,100,0,1.166666666,10,71.16666667
6,36,1,6,100,0,100,0,1.166666666,10,71.16666667
6,37,1,6,100,0,100,0,1.166666666,10,71.16666667
6,38,1,6,100,0,100,0,1.166666666,10,71.16666667
6,39,1,5,100,0,100,0,1.4,10,71.4
6,40,1,6,100,0,100,0,1.166666666,10,71.16666667
6,41,1,6,100,0,100,0,1.166666666,10,71.16666667
6,42,1,6,100,0,100,0,1.166666666,10,71.16666667
6,43,1,6,100,0,100,0,1.166666666,10,71.16666667
6,44,1,5,100,0,100,0,1.4,10,71.4
6,45,1,6,100,0,100,0,1.166666666,10,71.16666667
6,46,1,5,100,0,100,0,1.4,10,71.4
6,47,1,5,100,0,100,0,1.4,10,71.4
6,48,1,5,100,0,100,0,1.4,10,71.4
6,49,1,4,100,0,100,0,1.75,10,71.75
6,50,1,5,100,0,100,0,1.4,10,71.4
6,51,1,6,100,0,100,0,1.166666666,10,71.16666667
6,52,1,6,100,0,100,0,1.166666666,10,71.16666667
6,53,1,6,100,0,100,0,1.166666666,10,71.16666667
6,54,1,5,100,0,100,0,1.4,10,71.4
6,55,1,6,100,0,100,0,1.166666666,10,71.16666667
6,56,1,6,100,0,100,0,1.166666666,10,71.16666667
6,57,1,6,100,0,100,0,1.166666666,10,71.16666667
6,58,1,6,100,0,100,0,1.166666666,10,71.16666667
6,59,1,5,100,0,100,0,1.4,10,71.4
6,60,1,6,100,0,100,0,1.166666666,10,71.16666667
6,61,1,6,100,0,100,0,1.166666666,10,71.16666667
6,62,1,6,100,0,100,0,1.166666666,10,71.16666667
6,63,1,6,100,0,100,0,1.166666666,10,71.16666667
6,64,1,5,100,0,100,0,1.4,10,71.4
6,65,1,6,100,0,100,0,1.166666666,10,71.16666667
6,66,1,6,100,0,100,0,1.166666666,10,71.16666667
6,67,1,6,100,0,100,0,1.166666666,10,71.16666667
6,68,1,6,100,0,100,0,1.166666666,10,71.16666667
6,69,1,5,100,0,100,0,1.4,10,71.4
6,70,1,6,100,0,100,0,1.166666666,10,71.16666667
6,71,1,5,100,0,100,0,1.4,10,71.4
6,72,1,5,100,0,100,0,1.4,10,71.4
6,73,1,5,100,0,100,0,1.4,10,71.4
6,74,1,4,100,0,100,0,1.75,10,71.75
6,75,1,5,100,0,100,0,1.4,10,71.4
6,76,1,5,100,0,100,0,1.4,10,71.4
6,77,1,5,100,0,100,0,1.4,10,71.4
6,78,1,5,100,0,100,0,1.4,10,71.4
6,79,1,4,100,0,100,0,1.75,10,71.75
6,80,1,5,100,0,100,0,1.4,10,71.4
6,81,1,5,100,0,100,0,1.4,10,71.4
6,82,1,5,100,0,100,0,1.4,10,71.4
6,83,1,5,100,0,100,0,1.4,10,71.4
6,84,1,4,100,0,100,0,1.75,10,71.75
6,85,1,5,100,0,100,0,1.4,10,71.4
6,86,1,5,100,0,100,0,1.4,10,71.4
6,87,1,5,100,0,100,0,1.4,10,71.4
6,88,1,5,100,0,100,0,1.4,10,71.4
6,89,1,4,100,0,100,0,1.75,10,71.75
6,90,1,5,100,0,100,0,1.4,10,71.4
6,91,1,5,100,0,100,0,1.4,10,71.4
6,92,1,5,100,0,100,0,1.4,10,71.4
6,93,1,5,100,0,100,0,1.4,10,71.4
6,94,1,4,100,0,100,0,1.75,10,71.75
6,95,1,5,100,0,100,0,1.4,10,71.4
6,96,1,4,100,0,100,0,1.75,10,71.75
6,97,1,4,100,0,100,0,1.75,10,71.75
6,98,1,4,100,0,100,0,1.75,10,71.75
6,99,1,3,100,0,100,0,2.333333333,10,72.33333333
6,100,1,4,100,0,100,0,1.75,10,71.75
7,1,1,6,100,0,100,0,1.166666666,10,71.16666667
7,2,1,6,100,0,100,0,1.166666666,10,71.16666667
7,3,1,6,100,0,100,0,1.166666666,10,71.16666667
7,4,1,5,100,0,100,0,1.4,10,71.4
7,5,1,6,100,0,100,0,1.166666666,10,71.16666667
7,6,1,6,100,0,100,0,1.166666666,10,71.16666667
7,7,1,6,100,0,100,0,1.166666666,10,71.16666667
7,8,1,6,100,0,100,0,1.166666666,10,71.16666667
7,9,1,5,100,0,100,0,1.4,10,71.4
7,10,1,6,100,0,100,0,1.166666666,10,71.16666667
7,11,1,6,100,0,100,0,1.166666666,10,71.16666667
7,12,1,6,100,0,100,0,1.166666666,10,71.16666667
7,13,1,6,100,0,100,0,1.166666666,10,71.16666667
7,14,1,5,100,0,100,0,1.4,10,71.4
7,15,1,6,100,0,100,0,1.166666666,10,71.16666667
7,16,1,6,100,0,100,0,1.166666666,10,71.16666667
7,17,1,6,100,0,100,0,1.166666666,10,71.16666667
7,18,1,6,100,0,100,0,1.166666666,10,71.16666667
7,19,1,5,100,0,100,0,1.4,10,71.4
7,20,1,6,100,0,100,0,1.166666666,10,71.16666667
7,21,1,5,100,0,100,0,1.4,10,71.4
7,22,1,5,100,0,100,0,1.4,10,71.4
7,23,1,5,100,0,100,0,1.4,10,71.4
7,24,1,4,100,0,100,0,1.75,10,71.75
7,25,1,5,100,0,100,0,1.4,10,71.4
7,26,1,6,100,0,100,0,1.166666666,10,71.16666667
7,27,1,6,100,0,100,0,1.166666666,10,71.16666667
7,28,1,6,100,0,100,0,1.166666666,10,71.16666667
7,29,1,5,100,0,100,0,1.4,10,71.4
7,30,1,6,100,0,100,0,1.166666666,10,71.16666667
7,31,1,6,100,0,100,0,1.166666666,10,71.16666667
7,32,1,6,100,0,100,0,1.166666666,10,71.16666667
7,33,1,6,100,0,100,0,1.166666666,10,71.16666667
7,34,1,5,100,0,100,0,1.4,10,71.4
7,35,1,6,100,0,100,0,1.166666666,10,71.16666667
7,36,1,6,100,0,100,0,1.166666666,10,71.16666667
7,37,1,6,100,0,100,0,1.166666666,10,71.16666667
7,38,1,6,100,0,100,0,1.166666666,10,71.16666667
7,39,1,5,100,0,100,0,1.4,10,71.4
7,40,1,6,100,0,100,0,1.166666666,10,71.16666667
7,41,1,6,100,0,100,0,1.166666666,10,71.16666667
7,42,1,6,100,0,100,0,1.166666666,10,71.16666667
7,43,1,6,100,0,100,0,1.166666666,10,71.16666667
7,44,1,5,100,0,100,0,1.4,10,71.4
7,45,1,6,100,0,100,0,1.166666666,10,71.16666667
7,46,1,5,100,0,100,0,1.4,10,71.4
7,47,1,5,100,0,100,0,1.4,10,71.4
7,48,1,5,100,0,100,0,1.4,10,71.4
7,49,1,4,100,0,100,0,1.75,10,71.75
7,50,1,5,100,0,100,0,1.4,10,71.4
7,51,1,6,100,0,100,0,1.166666666,10,71.16666667
7,52,1,6,100,0,100,0,1.166666666,10,71.16666667
7,53,1,6,100,0,100,0,1.166666666,10,71.16666667
7,54,1,5,100,0,100,0,1.4,10,71.4
7,55,1,6,100,0,100,0,1.166666666,10,71.16666667
7,56,1,6,100,0,100,0,1.166666666,10,71.16666667
7,57,1,6,100,0,100,0,1.166666666,10,71.16666667
7,58,1,6,100,0,100,0,1.166666666,10,71.16666667
7,59,1,5,100,0,100,0,1.4,10,71.4
7,60,1,6,100,0,100,0,1.166666666,10,71.16666667
7,61,1,6,100,0,100,0,1.166666666,10,71.16666667
7,62,1,6,100,0,100,0,1.166666666,10,71.16666667
7,63,1,6,100,0,100,0,1.166666666,10,71.16666667
7,64,1,5,100,0,100,0,1.4,10,71.4
7,65,1,6,100,0,100,0,1.166666666,10,71.16666667
7,66,1,6,100,0,100,0,1.166666666,10,71.16666667
7,67,1,6,100,0,100,0,1.166666666,10,71.16666667
7,68,1,6,100,0,100,0,1.166666666,10,71.16666667
7,69,1,5,100,0,100,0,1.4,10,71.4
7,70,1,6,100,0,100,0,1.166666666,10,71.16666667
7,71,1,5,100,0,100,0,1.4,10,71.4
7,72,1,5,100,0,100,0,1.4,10,71.4
7,73,1,5,100,0,100,0,1.4,10,71.4
7,74,1,4,100,0,100,0,1.75,10,71.75
7,75,1,5,100,0,100,0,1.4,10,71.4
7,76,1,5,100,0,100,0,1.4,10,71.4
7,77,1,5,100,0,100,0,1.4,10,71.4
7,78,1,5,100,0,100,0,1.4,10,71.4
7,79,1,4,100,0,100,0,1.75,10,71.75
7,80,1,5,100,0,100,0,1.4,10,71.4
7,81,1,5,100,0,100,0,1.4,10,71.4
7,82,1,5,100,0,100,0,1.4,10,71.4
7,83,1,5,100,0,100,0,1.4,10,71.4
7,84,1,4,100,0,100,0,1.75,10,71.75
7,85,1,5,100,0,100,0,1.4,10,71.4
7,86,1,5,100,0,100,0,1.4,10,71.4
7,87,1,5,100,0,100,0,1.4,10,71.4
7,88,1,5,100,0,100,0,1.4,10,71.4
7,89,1,4,100,0,100,0,1.75,10,71.75
7,90,1,5,100,0,100,0,1.4,10,71.4
7,91,1,5,100,0,100,0,1.4,10,71.4
7,92,1,5,100,0,100,0,1.4,10,71.4
7,93,1,5,100,0,100,0,1.4,10,71.4
7,94,1,4,100,0,100,0,1.75,10,71.75
7,95,1,5,100,0,100,0,1.4,10,71.4
7,96,1,4,100,0,100,0,1.75,10,71.75
7,97,1,4,100,0,100,0,1.75,10,71.75
7,98,1,4,100,0,100,0,1.75,10,71.75
7,99,1,3,100,0,100,0,2.333333333,10,72.33333333
7,100,1,4,100,0,100,0,1.75,10,71.75
8,1,1,6,99.857,0,99.857,0,1.166666666,10,71.09516667
8,2,1,6,99.857,0,99.857,0,1.166666666,10,71.09516667
8,3,1,6,99.857,0,99.857,0,1.166666666,10,71.09516667
8,4,1,5,99.857,0,99.857,0,1.4,10,71.3285
8,5,1,6,99.857,0,99.857,0,1.166666666,10,71.09516667
8,6,1,6,99.857,0,99.857,0,1.166666666,10,71.09516667
8,7,1,6,99.857,0,99.857,0,1.166666666,10,71.09516667
8,8,1,6,99.857,0,99.857,0,1.166666666,10,71.09516667
8,9,1,5,99.857,0,99.857,0,1.4,10,71.3285
8,10,1,6,99.857,0,99.857,0,1.166666666,10,71.09516667
8,11,1,6,99.857,0,99.857,0,1.166666666,10,71.09516667
8,12,1,6,99.857,0,99.857,0,1.166666666,10,71.09516667
8,13,1,6,99.857,0,99.857,0,1.166666666,10,71.09516667
8,14,1,5,99.857,0,99.857,0,1.4,10,71.3285
8,15,1,6,99.857,0,99.857,0,1.166666666,10,71.09516667
8,16,1,6,99.857,0,99.857,0,1.166666666,10,71.09516667
8,17,1,6,99.857,0,99.857,0,1.166666666,10,71.09516667
8,18,1,6,99.857,0,99.857,0,1.166666666,10,71.09516667
8,19,1,5,99.857,0,99.857,0,1.4,10,71.3285
8,20,1,6,99.857,0,99.857,0,1.166666666,10,71.09516667
8,21,1,5,99.857,0,99.857,0,1.4,10,71.3285
8,22,1,5,99.857,0,99.857,0,1.4,10,71.3285
8,23,1,5,99.857,0,99.857,0,1.4,10,71.3285
8,24,1,4,99.857,0,99.857,0,1.75,10,71.6785
8,25,1,5,99.857,0,99.857,0,1.4,10,71.3285
8,26,1,6,99.857,0,99.857,0,1.166666666,10,71.09516667
8,27,1,6,99.857,0,99.857,0,1.166666666,10,71.09516667
8,28,1,6,99.857,0,99.857,0,1.166666666,10,71.09516667
8,29,1,5,99.857,0,99.857,0,1.4,10,71.3285
8,30,1,6,99.857,0,99.857,0,1.166666666,10,71.09516667
8,31,1,6,99.857,0,99.857,0,1.166666666,10,71.09516667
8,32,1,6,99.857,0,99.857,0,1.166666666,10,71.09516667
8,33,1,6,99.857,0,99.857,0,1.166666666,10,71.09516667
8,34,1,5,99.857,0,99.857,0,1.4,10,71.3285
8,35,1,6,99.857,0,99.857,0,1.166666666,10,71.09516667
8,36,1,6,99.857,0,99.857,0,1.166666666,10,71.09516667
8,37,1,6,99.857,0,99.857,0,1.166666666,10,71.09516667
8,38,1,6,99.857,0,99.857,0,1.166666666,10,71.09516667
8,39,1,5,99.857,0,99.857,0,1.4,10,71.3285
8,40,1,6,99.857,0,99.857,0,1.166666666,10,71.09516667
8,41,1,6,99.857,0,99.857,0,1.166666666,10,71.09516667
8,42,1,6,99.857,0,99.857,0,1.166666666,10,71.09516667
8,43,1,6,99.857,0,99.857,0,1.166666666,10,71.09516667
8,44,1,5,99.857,0,99.857,0,1.4,10,71.3285
8,45,1,6,99.857,0,99.857,0,1.166666666,10,71.09516667
8,46,1,5,99.857,0,99.857,0,1.4,10,71.3285
8,47,1,5,99.857,0,99.857,0,1.4,10,71.3285
8,48,1,5,99.857,0,99.857,0,1.4,10,71.3285
8,49,1,4,99.857,0,99.857,0,1.75,10,71.6785
8,50,1,5,99.857,0,99.857,0,1.4,10,71.3285
8,51,1,6,99.857,0,99.857,0,1.166666666,10,71.09516667
8,52,1,6,99.857,0,99.857,0,1.166666666,10,71.09516667
8,53,1,6,99.857,0,99.857,0,1.166666666,10,71.09516667
8,54,1,5,99.857,0,99.857,0,1.4,10,71.3285
8,55,1,6,99.857,0,99.857,0,1.166666666,10,71.09516667
8,56,1,6,99.857,0,99.857,0,1.166666666,10,71.09516667
8,57,1,6,99.857,0,99.857,0,1.166666666,10,71.09516667
8,58,1,6,99.857,0,99.857,0,1.166666666,10,71.09516667
8,59,1,5,99.857,0,99.857,0,1.4,10,71.3285
8,60,1,6,99.857,0,99.857,0,1.166666666,10,71.09516667
8,61,1,6,99.857,0,99.857,0,1.166666666,10,71.09516667
8,62,1,6,99.857,0,99.857,0,1.166666666,10,71.09516667
8,63,1,6,99.857,0,99.857,0,1.166666666,10,71.09516667
8,64,1,5,99.857,0,99.857,0,1.4,10,71.3285
8,65,1,6,99.857,0,99.857,0,1.166666666,10,71.09516667
8,66,1,6,99.857,0,99.857,0,1.166666666,10,71.09516667
8,67,1,6,99.857,0,99.857,0,1.166666666,10,71.09516667
8,68,1,6,99.857,0,99.857,0,1.166666666,10,71.09516667
8,69,1,5,99.857,0,99.857,0,1.4,10,71.3285
8,70,1,6,99.857,0,99.857,0,1.166666666,10,71.09516667
8,71,1,5,99.857,0,99.857,0,1.4,10,71.3285
8,72,1,5,99.857,0,99.857,0,1.4,10,71.3285
8,73,1,5,99.857,0,99.857,0,1.4,10,71.3285
8,74,1,4,99.857,0,99.857,0,1.75,10,71.6785
8,75,1,5,99.857,0,99.857,0,1.4,10,71.3285
8,76,1,5,99.857,0,99.857,0,1.4,10,71.3285
8,77,1,5,99.857,0,99.857,0,1.4,10,71.3285
8,78,1,5,99.857,0,99.857,0,1.4,10,71.3285
8,79,1,4,99.857,0,99.857,0,1.75,10,71.6785
8,80,1,5,99.857,0,99.857,0,1.4,10,71.3285
8,81,1,5,99.857,0,99.857,0,1.4,10,71.3285
8,82,1,5,99.857,0,99.857,0,1.4,10,71.3285
8,83,1,5,99.857,0,99.857,0,1.4,10,71.3285
8,84,1,4,99.857,0,99.857,0,1.75,10,71.6785
8,85,1,5,99.857,0,99.857,0,1.4,10,71.3285
8,86,1,5,99.857,0,99.857,0,1.4,10,71.3285
8,87,1,5,99.857,0,99.857,0,1.4,10,71.3285
8,88,1,5,99.857,0,99.857,0,1.4,10,71.3285
8,89,1,4,99.857,0,99.857,0,1.75,10,71.6785
8,90,1,5,99.857,0,99.857,0,1.4,10,71.3285
8,91,1,5,99.857,0,99.857,0,1.4,10,71.3285
8,92,1,5,99.857,0,99.857,0,1.4,10,71.3285
8,93,1,5,99.857,0,99.857,0,1.4,10,71.3285
8,94,1,4,99.857,0,99.857,0,1.75,10,71.6785
8,95,1,5,99.857,0,99.857,0,1.4,10,71.3285
8,96,1,4,99.857,0,99.857,0,1.75,10,71.6785
8,97,1,4,99.857,0,99.857,0,1.75,10,71.6785
8,98,1,4,99.857,0,99.857,0,1.75,10,71.6785
8,99,1,3,99.857,0,99.857,0,2.333333333,10,72.26183333
8,100,1,4,99.857,0,99.857,0,1.75,10,71.6785
9,1,2,6,100,0,100,0,1.166666666,10,81.16666667
9,2,2,6,100,0,100,0,1.166666666,10,81.16666667
9,3,2,6,100,0,100,0,1.166666666,10,81.16666667
9,4,2,5,100,0,100,0,1.4,10,81.4
9,5,2,6,100,0,100,0,1.166666666,10,81.16666667
9,6,2,6,100,0,100,0,1.166666666,10,81.16666667
9,7,2,6,100,0,100,0,1.166666666,10,81.16666667
9,8,2,6,100,0,100,0,1.166666666,10,81.16666667
9,9,2,5,100,0,100,0,1.4,10,81.4
9,10,2,6,100,0,100,0,1.166666666,10,81.16666667
9,11,2,6,100,0,100,0,1.166666666,10,81.16666667
9,12,2,6,100,0,100,0,1.166666666,10,81.16666667
9,13,2,6,100,0,100,0,1.166666666,10,81.16666667
9,14,2,5,100,0,100,0,1.4,10,81.4
9,15,2,6,100,0,100,0,1.166666666,10,81.16666667
9,16,2,6,100,0,100,0,1.166666666,10,81.16666667
9,17,2,6,100,0,100,0,1.166666666,10,81.16666667
9,18,2,6,100,0,100,0,1.166666666,10,81.16666667
9,19,2,5,100,0,100,0,1.4,10,81.4
9,20,2,6,100,0,100,0,1.166666666,10,81.16666667
9,21,2,5,100,0,100,0,1.4,10,81.4
9,22,2,5,100,0,100,0,1.4,10,81.4
9,23,2,5,100,0,100,0,1.4,10,81.4
9,24,2,4,100,0,100,0,1.75,10,81.75
9,25,2,5,100,0,100,0,1.4,10,81.4
9,26,2,6,100,0,100,0,1.166666666,10,81.16666667
9,27,2,6,100,0,100,0,1.166666666,10,81.16666667
9,28,2,6,100,0,100,0,1.166666666,10,81.16666667
9,29,2,5,100,0,100,0,1.4,10,81.4
9,30,2,6,100,0,100,0,1.166666666,10,81.16666667
9,31,2,6,100,0,100,0,1.166666666,10,81.16666667
9,32,2,6,100,0,100,0,1.166666666,10,81.16666667
9,33,2,6,100,0,100,0,1.166666666,10,81.16666667
9,34,2,5,100,0,100,0,1.4,10,81.4
9,35,2,6,100,0,100,0,1.166666666,10,81.16666667
9,36,2,6,100,0,100,0,1.166666666,10,81.16666667
9,37,2,6,100,0,100,0,1.166666666,10,81.16666667
9,38,2,6,100,0,100,0,1.166666666,10,81.16666667
9,39,2,5,100,0,100,0,1.4,10,81.4
9,40,2,6,100,0,100,0,1.166666666,10,81.16666667
9,41,2,6,100,0,100,0,1.166666666,10,81.16666667
9,42,2,6,100,0,100,0,1.166666666,10,81.16666667
9,43,2,6,100,0,100,0,1.166666666,10,81.16666667
9,44,2,5,100,0,100,0,1.4,10,81.4
9,45,2,6,100,0,100,0,1.166666666,10,81.16666667
9,46,2,5,100,0,100,0,1.4,10,81.4
9,47,2,5,100,0,100,0,1.4,10,81.4
9,48,2,5,100,0,100,0,1.4,10,81.4
9,49,2,4,100,0,100,0,1.75,10,81.75
9,50,2,5,100,0,100,0,1.4,10,81.4
9,51,2,6,100,0,100,0,1.166666666,10,81.16666667
9,52,2,6,100,0,100,0,1.166666666,10,81.16666667
9,53,2,6,100,0,100,0,1.166666666,10,81.16666667
9,54,2,5,100,0,100,0,1.4,10,81.4
9,55,2,6,100,0,100,0,1.166666666,10,81.16666667
9,56,2,6,100,0,100,0,1.166666666,10,81.16666667
9,57,2,6,100,0,100,0,1.166666666,10,81.16666667
9,58,2,6,100,0,100,0,1.166666666,10,81.16666667
9,59,2,5,100,0,100,0,1.4,10,81.4
9,60,2,6,100,0,100,0,1.166666666,10,81.16666667
9,61,2,6,100,0,100,0,1.166666666,10,81.16666667
9,62,2,6,100,0,100,0,1.166666666,10,81.16666667
9,63,2,6,100,0,100,0,1.166666666,10,81.16666667
9,64,2,5,100,0,100,0,1.4,10,81.4
9,65,2,6,100,0,100,0,1.166666666,10,81.16666667
9,66,2,6,100,0,100,0,1.166666666,10,81.16666667
9,67,2,6,100,0,100,0,1.166666666,10,81.16666667
9,68,2,6,100,0,100,0,1.166666666,10,81.16666667
9,69,2,5,100,0,100,0,1.4,10,81.4
9,70,2,6,100,0,100,0,1.166666666,10,81.16666667
9,71,2,5,100,0,100,0,1.4,10,81.4
9,72,2,5,100,0,100,0,1.4,10,81.4
9,73,2,5,100,0,100,0,1.4,10,81.4
9,74,2,4,100,0,100,0,1.75,10,81.75
9,75,2,5,100,0,100,0,1.4,10,81.4
9,76,2,5,100,0,100,0,1.4,10,81.4
9,77,2,5,100,0,100,0,1.4,10,81.4
9,78,2,5,100,0,100,0,1.4,10,81.4
9,79,2,4,100,0,100,0,1.75,10,81.75
9,80,2,5,100,0,100,0,1.4,10,81.4
9,81,2,5,100,0,100,0,1.4,10,81.4
9,82,2,5,100,0,100,0,1.4,10,81.4
9,83,2,5,100,0,100,0,1.4,10,81.4
9,84,2,4,100,0,100,0,1.75,10,81.75
9,85,2,5,100,0,100,0,1.4,10,81.4
9,86,2,5,100,0,100,0,1.4,10,81.4
9,87,2,5,100,0,100,0,1.4,10,81.4
9,88,2,5,100,0,100,0,1.4,10,81.4
9,89,2,4,100,0,100,0,1.75,10,81.75
9,90,2,5,100,0,100,0,1.4,10,81.4
9,91,2,5,100,0,100,0,1.4,10,81.4
9,92,2,5,100,0,100,0,1.4,10,81.4
9,93,2,5,100,0,100,0,1.4,10,81.4
9,94,2,4,100,0,100,0,1.75,10,81.75
9,95,2,5,100,0,100,0,1.4,10,81.4
9,96,2,4,100,0,100,0,1.75,10,81.75
9,97,2,4,100,0,100,0,1.75,10,81.75
9,98,2,4,100,0,100,0,1.75,10,81.75
9,99,2,3,100,0,100,0,2.333333333,10,82.33333333
9,100,2,4,100,0,100,0,1.75,10,81.75
10,1,2,6,100,0,100,0,1.166666666,10,81.16666667
10,2,2,6,100,0,100,0,1.166666666,10,81.16666667
10,3,2,6,100,0,100,0,1.166666666,10,81.16666667
10,4,2,5,100,0,100,0,1.4,10,81.4
10,5,2,6,100,0,100,0,1.166666666,10,81.16666667
10,6,2,6,100,0,100,0,1.166666666,10,81.16666667
10,7,2,6,100,0,100,0,1.166666666,10,81.16666667
10,8,2,6,100,0,100,0,1.166666666,10,81.16666667
10,9,2,5,100,0,100,0,1.4,10,81.4
10,10,2,6,100,0,100,0,1.166666666,10,81.16666667
10,11,2,6,100,0,100,0,1.166666666,10,81.16666667
10,12,2,6,100,0,100,0,1.166666666,10,81.16666667
10,13,2,6,100,0,100,0,1.166666666,10,81.16666667
10,14,2,5,100,0,100,0,1.4,10,81.4
10,15,2,6,100,0,100,0,1.166666666,10,81.16666667
10,16,2,6,100,0,100,0,1.166666666,10,81.16666667
10,17,2,6,100,0,100,0,1.166666666,10,81.16666667
10,18,2,6,100,0,100,0,1.166666666,10,81.16666667
10,19,2,5,100,0,100,0,1.4,10,81.4
10,20,2,6,100,0,100,0,1.166666666,10,81.16666667
10,21,2,5,100,0,100,0,1.4,10,81.4
10,22,2,5,100,0,100,0,1.4,10,81.4
10,23,2,5,100,0,100,0,1.4,10,81.4
10,24,2,4,100,0,100,0,1.75,10,81.75
10,25,2,5,100,0,100,0,1.4,10,81.4
10,26,2,6,100,0,100,0,1.166666666,10,81.16666667
10,27,2,6,100,0,100,0,1.166666666,10,81.16666667
10,28,2,6,100,0,100,0,1.166666666,10,81.16666667
10,29,2,5,100,0,100,0,1.4,10,81.4
10,30,2,6,100,0,100,0,1.166666666,10,81.16666667
10,31,2,6,100,0,100,0,1.166666666,10,81.16666667
10,32,2,6,100,0,100,0,1.166666666,10,81.16666667
10,33,2,6,100,0,100,0,1.166666666,10,81.16666667
10,34,2,5,100,0,100,0,1.4,10,81.4
10,35,2,6,100,0,100,0,1.166666666,10,81.16666667
10,36,2,6,100,0,100,0,1.166666666,10,81.16666667
10,37,2,6,100,0,100,0,1.166666666,10,81.16666667
10,38,2,6,100,0,100,0,1.166666666,10,81.16666667
10,39,2,5,100,0,100,0,1.4,10,81.4
10,40,2,6,100,0,100,0,1.166666666,10,81.16666667
10,41,2,6,100,0,100,0,1.166666666,10,81.16666667
10,42,2,6,100,0,100,0,1.166666666,10,81.16666667
10,43,2,6,100,0,100,0,1.166666666,10,81.16666667
10,44,2,5,100,0,100,0,1.4,10,81.4
10,45,2,6,100,0,100,0,1.166666666,10,81.16666667
10,46,2,5,100,0,100,0,1.4,10,81.4
10,47,2,5,100,0,100,0,1.4,10,81.4
10,48,2,5,100,0,100,0,1.4,10,81.4
10,49,2,4,100,0,100,0,1.75,10,81.75
10,50,2,5,100,0,100,0,1.4,10,81.4
10,51,2,6,100,0,100,0,1.166666666,10,81.16666667
10,52,2,6,100,0,100,0,1.166666666,10,81.16666667
10,53,2,6,100,0,100,0,1.166666666,10,81.16666667
10,54,2,5,100,0,100,0,1.4,10,81.4
10,55,2,6,100,0,100,0,1.166666666,10,81.16666667
10,56,2,6,100,0,100,0,1.166666666,10,81.16666667
10,57,2,6,100,0,100,0,1.166666666,10,81.16666667
10,58,2,6,100,0,100,0,1.166666666,10,81.16666667
10,59,2,5,100,0,100,0,1.4,10,81.4
10,60,2,6,100,0,100,0,1.166666666,10,81.16666667
10,61,2,6,100,0,100,0,1.166666666,10,81.16666667
10,62,2,6,100,0,100,0,1.166666666,10,81.16666667
10,63,2,6,100,0,100,0,1.166666666,10,81.16666667
10,64,2,5,100,0,100,0,1.4,10,81.4
10,65,2,6,100,0,100,0,1.166666666,10,81.16666667
10,66,2,6,100,0,100,0,1.166666666,10,81.16666667
10,67,2,6,100,0,100,0,1.166666666,10,81.16666667
10,68,2,6,100,0,100,0,1.166666666,10,81.16666667
10,69,2,5,100,0,100,0,1.4,10,81.4
10,70,2,6,100,0,100,0,1.166666666,10,81.16666667
10,71,2,5,100,0,100,0,1.4,10,81.4
10,72,2,5,100,0,100,0,1.4,10,81.4
10,73,2,5,100,0,100,0,1.4,10,81.4
10,74,2,4,100,0,100,0,1.75,10,81.75
10,75,2,5,100,0,100,0,1.4,10,81.4
10,76,2,5,100,0,100,0,1.4,10,81.4
10,77,2,5,100,0,100,0,1.4,10,81.4
10,78,2,5,100,0,100,0,1.4,10,81.4
10,79,2,4,100,0,100,0,1.75,10,81.75
10,80,2,5,100,0,100,0,1.4,10,81.4
10,81,2,5,100,0,100,0,1.4,10,81.4
10,82,2,5,100,0,100,0,1.4,10,81.4
10,83,2,5,100,0,100,0,1.4,10,81.4
10,84,2,4,100,0,100,0,1.75,10,81.75
10,85,2,5,100,0,100,0,1.4,10,81.4
10,86,2,5,100,0,100,0,1.4,10,81.4
10,87,2,5,100,0,100,0,1.4,10,81.4
10,88,2,5,100,0,100,0,1.4,10,81.4
10,89,2,4,100,0,100,0,1.75,10,81.75
10,90,2,5,100,0,100,0,1.4,10,81.4
10,91,2,5,100,0,100,0,1.4,10,81.4
10,92,2,5,100,0,100,0,1.4,10,81.4
10,93,2,5,100,0,100,0,1.4,10,81.4
10,94,2,4,100,0,100,0,1.75,10,81.75
10,95,2,5,100,0,100,0,1.4,10,81.4
10,96,2,4,100,0,100,0,1.75,10,81.75
10,97,2,4,100,0,100,0,1.75,10,81.75
10,98,2,4,100,0,100,0,1.75,10,81.75
10,99,2,3,100,0,100,0,2.333333333,10,82.33333333
10,100,2,4,100,0,100,0,1.75,10,81.75